ID,번호,유형,공고명,지역,게시일,마감일,상태,조회수,URL
LH_lease_8,31,국민임대,남양주시 지역 국민임대주택 예비입주자 모집,경기도,2024.11.05,2024.11.21,접수마감,48590,https://apply.lh.or.kr/lhapply/apply/wt/wrtanc/selectWrtancInfo.do?mi=1026&panId=2015122300017094&ccrCnntSysDsCd=03&uppAisTpCd=06&aisTpCd=07
LH_lease_10,44,국민임대,[정정공고]남양주시 지역 국민임대주택 예비입주자 모집,경기도,2024.11.06,2024.11.21,접수마감,88350,https://apply.lh.or.kr/lhapply/apply/wt/wrtanc/selectWrtancInfo.do?mi=1026&panId=2015122300017134&ccrCnntSysDsCd=03&uppAisTpCd=06&aisTpCd=07
LH_lease_11,45,매입임대,[정정공고]24년 2차 든든전세주택 입주자 모집 통합공고,서울특별시 외,2024.11.06,2024.11.13,접수마감,403193,https://apply.lh.or.kr/lhapply/apply/wt/wrtanc/selectWrtancInfo.do?mi=1026&panId=2015122300017135&ccrCnntSysDsCd=03&uppAisTpCd=13&aisTpCd=26
LH_lease_12,46,매입임대,[정정공고]24년 1차 분양전환형 신혼·신생아 매입임대주택Ⅰ 예비입주자 모집공고,서울특별시 외,2024.11.06,2024.11.27,접수마감,167452,https://apply.lh.or.kr/lhapply/apply/wt/wrtanc/selectWrtancInfo.do?mi=1026&panId=2015122300017137&ccrCnntSysDsCd=03&uppAisTpCd=13&aisTpCd=26
LH_lease_13,48,가정어린이집,성남판교대장 A-10BL 가정어린이집 운영예정자 2차 모집 공고('24. 11. 6.),경기도,2024.11.06,2024.11.21,접수마감,6072,https://apply.lh.or.kr/lhapply/apply/wt/wrtanc/selectWrtancInfo.do?mi=1026&panId=2015122300017129&ccrCnntSysDsCd=03&uppAisTpCd=06&aisTpCd=40
LH_lease_18,71,공공임대,수원역푸르지오자이 5년 공공임대주택 예비입주자 모집공고(2024.11.08),경기도,2024.11.08,2024.11.18,접수마감,104603,https://apply.lh.or.kr/lhapply/apply/wt/wrtanc/selectWrtancInfo.do?mi=1026&panId=0000060772&ccrCnntSysDsCd=02&uppAisTpCd=06&aisTpCd=08
LH_lease_19,72,행복주택(신혼희망),고양장항 A-2블록 신혼희망타운 행복주택 입주자모집 공고,경기도,2024.11.08,2024.12.04,접수마감,92184,https://apply.lh.or.kr/lhapply/apply/wt/wrtanc/selectWrtancInfo.do?mi=1026&panId=2015122300017136&ccrCnntSysDsCd=03&uppAisTpCd=39&aisTpCd=42
LH_lease_28,132,영구임대,"화성동탄지구내 공공임대(국민, 영구) (449호) 입주자격완화 대기자 모집-영구(2-2)",경기도,2024.11.15,2024.11.27,접수마감,54522,https://apply.lh.or.kr/lhapply/apply/wt/wrtanc/selectWrtancInfo.do?mi=1026&panId=2015122300017147&ccrCnntSysDsCd=03&uppAisTpCd=06&aisTpCd=09
LH_lease_29,133,국민임대,"화성동탄지구내 공공임대(국민, 영구) (449호) 입주자격완화 대기자 모집-국민(2-1)",경기도,2024.11.15,2024.11.27,접수마감,95893,https://apply.lh.or.kr/lhapply/apply/wt/wrtanc/selectWrtancInfo.do?mi=1026&panId=2015122300017153&ccrCnntSysDsCd=03&uppAisTpCd=06&aisTpCd=07
LH_lease_32,136,국민임대,파주운정3 A24BL 국민임대주택 추가(예비)입주자 모집공고,경기도,2024.11.15,2024.12.05,접수마감,65088,https://apply.lh.or.kr/lhapply/apply/wt/wrtanc/selectWrtancInfo.do?mi=1026&panId=2015122300017167&ccrCnntSysDsCd=03&uppAisTpCd=06&aisTpCd=07
LH_lease_34,149,영구임대,군포시 영구임대주택 예비입주자 모집공고(2024.11.18),경기도,2024.11.18,2024.12.13,접수마감,45479,https://apply.lh.or.kr/lhapply/apply/wt/wrtanc/selectWrtancInfo.do?mi=1026&panId=2015122300017160&ccrCnntSysDsCd=03&uppAisTpCd=06&aisTpCd=09
LH_lease_37,152,행복주택,[선계약후검증] 화성비봉 A-5블록 행복주택  입주자격완화 추가모집 공고,경기도,2024.11.18,2024.11.29,접수마감,55716,https://apply.lh.or.kr/lhapply/apply/wt/wrtanc/selectWrtancInfo.do?mi=1026&panId=2015122300017164&ccrCnntSysDsCd=03&uppAisTpCd=06&aisTpCd=10
LH_lease_43,200,행복주택,고양시 지역 행복주택 입주자(예비입주자) 모집 공고(선계약 후검증),경기도,2024.11.22,2024.12.04,접수마감,116742,https://apply.lh.or.kr/lhapply/apply/wt/wrtanc/selectWrtancInfo.do?mi=1026&panId=2015122300017202&ccrCnntSysDsCd=03&uppAisTpCd=06&aisTpCd=10
LH_lease_47,226,행복주택(신혼희망),[신규모집] 위례 A2-7블록 신혼희망타운 행복주택 입주자 모집,경기도,2024.11.26,2024.12.11,접수마감,110301,https://apply.lh.or.kr/lhapply/apply/wt/wrtanc/selectWrtancInfo.do?mi=1026&panId=2015122300017205&ccrCnntSysDsCd=03&uppAisTpCd=39&aisTpCd=42
LH_lease_48,227,행복주택,[신규모집]부천원종 A-1블록 행복주택 입주자모집,경기도,2024.11.26,2024.12.11,접수마감,115605,https://apply.lh.or.kr/lhapply/apply/wt/wrtanc/selectWrtancInfo.do?mi=1026&panId=2015122300017204&ccrCnntSysDsCd=03&uppAisTpCd=06&aisTpCd=10
LH_lease_54,257,공공임대,오산운암6단지 50년공공임대주택 예비입주자 모집,경기도,2024.11.28,2024.12.10,접수마감,37631,https://apply.lh.or.kr/lhapply/apply/wt/wrtanc/selectWrtancInfo.do?mi=1026&panId=2015122300017203&ccrCnntSysDsCd=03&uppAisTpCd=06&aisTpCd=08
LH_lease_56,261,영구임대,성남금토 A-2블록 영구임대주택 입주자 모집,경기도,2024.11.28,2024.12.13,접수마감,35531,https://apply.lh.or.kr/lhapply/apply/wt/wrtanc/selectWrtancInfo.do?mi=1026&panId=2015122300017210&ccrCnntSysDsCd=03&uppAisTpCd=06&aisTpCd=09
LH_lease_61,277,영구임대,[정정공고]성남금토 A-2블록 영구임대주택 입주자 모집,경기도,2024.12.02,2024.12.13,접수마감,30221,https://apply.lh.or.kr/lhapply/apply/wt/wrtanc/selectWrtancInfo.do?mi=1026&panId=2015122300017230&ccrCnntSysDsCd=03&uppAisTpCd=06&aisTpCd=09
LH_lease_64,284,국민임대,[정정공고]파주운정3 A24BL 국민임대주택 추가(예비)입주자 모집공고,경기도,2024.12.02,2024.12.05,접수마감,57662,https://apply.lh.or.kr/lhapply/apply/wt/wrtanc/selectWrtancInfo.do?mi=1026&panId=2015122300017233&ccrCnntSysDsCd=03&uppAisTpCd=06&aisTpCd=07
LH_lease_68,303,가정어린이집,성남판교대장 A-10BL 가정어린이집 운영예정자 3차 모집 공고('24. 12. 4.),경기도,2024.12.04,2024.12.19,접수마감,4106,https://apply.lh.or.kr/lhapply/apply/wt/wrtanc/selectWrtancInfo.do?mi=1026&panId=2015122300017240&ccrCnntSysDsCd=03&uppAisTpCd=06&aisTpCd=40
LH_lease_72,311,국민임대,"평택안중2,평택송화 국민임대주택 예비입주자 모집(2024.12.05공고분)",경기도,2024.12.05,2024.12.20,접수마감,23750,https://apply.lh.or.kr/lhapply/apply/wt/wrtanc/selectWrtancInfo.do?mi=1026&panId=2015122300017253&ccrCnntSysDsCd=03&uppAisTpCd=06&aisTpCd=07
LH_lease_73,312,국민임대,가평군 지역 국민임대주택 예비입주자 모집,경기도,2024.12.05,2024.12.20,접수마감,10160,https://apply.lh.or.kr/lhapply/apply/wt/wrtanc/selectWrtancInfo.do?mi=1026&panId=2015122300017239&ccrCnntSysDsCd=03&uppAisTpCd=06&aisTpCd=07
LH_lease_74,314,매입임대,서울 가산동 디지털 청년 지원 주택 [에스키스 가산] 예비입주자 모집공고[24.12.05],서울특별시,2024.12.05,2024.12.14,접수마감,181605,https://apply.lh.or.kr/lhapply/apply/wt/wrtanc/selectWrtancInfo.do?mi=1026&panId=2015122300017247&ccrCnntSysDsCd=03&uppAisTpCd=13&aisTpCd=26
LH_lease_75,315,국민임대,"시흥능곡지구 국민임대주택 예비입주자 모집(능곡2,5,6,7,9,13)",경기도,2024.12.05,2024.12.18,접수마감,19968,https://apply.lh.or.kr/lhapply/apply/wt/wrtanc/selectWrtancInfo.do?mi=1026&panId=2015122300017249&ccrCnntSysDsCd=03&uppAisTpCd=06&aisTpCd=07
LH_lease_78,318,국민임대,파주시 해솔마을11 국민임대 예비입주자 모집공고,경기도,2024.12.05,2024.12.19,접수마감,13580,https://apply.lh.or.kr/lhapply/apply/wt/wrtanc/selectWrtancInfo.do?mi=1026&panId=2015122300017242&ccrCnntSysDsCd=03&uppAisTpCd=06&aisTpCd=07
LH_lease_79,319,국민임대,"화성태안6,8,12 국민임대주택 예비입주자 모집",경기도,2024.12.05,2024.12.19,접수마감,19969,https://apply.lh.or.kr/lhapply/apply/wt/wrtanc/selectWrtancInfo.do?mi=1026&panId=2015122300017246&ccrCnntSysDsCd=03&uppAisTpCd=06&aisTpCd=07
LH_lease_82,323,국민임대,김포양곡 양지마을 국민임대주택 예비자 모집공고,경기도,2024.12.05,2024.12.19,접수마감,15659,https://apply.lh.or.kr/lhapply/apply/wt/wrtanc/selectWrtancInfo.do?mi=1026&panId=2015122300017237&ccrCnntSysDsCd=03&uppAisTpCd=06&aisTpCd=07
LH_lease_84,325,국민임대,파주시 국민임대 예비입주자 모집('24.12.05),경기도,2024.12.05,2024.12.30,접수마감,97852,https://apply.lh.or.kr/lhapply/apply/wt/wrtanc/selectWrtancInfo.do?mi=1026&panId=2015122300017252&ccrCnntSysDsCd=03&uppAisTpCd=06&aisTpCd=07
LH_lease_86,327,국민임대,용인시 지역 국민임대주택 예비입주자 모집,경기도,2024.12.05,2024.12.20,접수마감,35907,https://apply.lh.or.kr/lhapply/apply/wt/wrtanc/selectWrtancInfo.do?mi=1026&panId=2015122300017248&ccrCnntSysDsCd=03&uppAisTpCd=06&aisTpCd=07
LH_lease_90,337,국민임대,[정정공고]용인시 지역 국민임대주택 예비입주자 모집,경기도,2024.12.06,2024.12.20,접수마감,92860,https://apply.lh.or.kr/lhapply/apply/wt/wrtanc/selectWrtancInfo.do?mi=1026&panId=2015122300017264&ccrCnntSysDsCd=03&uppAisTpCd=06&aisTpCd=07
LH_lease_97,371,국민임대,[정정공고]파주시 해솔마을11 국민임대 예비입주자 모집공고,경기도,2024.12.11,2024.12.19,접수마감,23002,https://apply.lh.or.kr/lhapply/apply/wt/wrtanc/selectWrtancInfo.do?mi=1026&panId=2015122300017278&ccrCnntSysDsCd=03&uppAisTpCd=06&aisTpCd=07
LH_lease_98,372,국민임대,[정정공고]김포양곡 양지마을 국민임대주택 예비자 모집공고,경기도,2024.12.11,2024.12.19,접수마감,20275,https://apply.lh.or.kr/lhapply/apply/wt/wrtanc/selectWrtancInfo.do?mi=1026&panId=2015122300017279&ccrCnntSysDsCd=03&uppAisTpCd=06&aisTpCd=07
LH_lease_99,373,국민임대,"[정정공고]화성태안6,8,12 국민임대주택 예비입주자 모집",경기도,2024.12.11,2024.12.19,접수마감,30576,https://apply.lh.or.kr/lhapply/apply/wt/wrtanc/selectWrtancInfo.do?mi=1026&panId=2015122300017288&ccrCnntSysDsCd=03&uppAisTpCd=06&aisTpCd=07
LH_lease_101,378,국민임대,"[정정공고]시흥능곡지구 국민임대주택 예비입주자 모집(능곡2,5,6,7,9,13)",경기도,2024.12.11,2024.12.18,접수마감,4472,https://apply.lh.or.kr/lhapply/apply/wt/wrtanc/selectWrtancInfo.do?mi=1026&panId=2015122300017287&ccrCnntSysDsCd=03&uppAisTpCd=06&aisTpCd=07
LH_lease_103,380,국민임대,"[정정공고]시흥능곡지구 국민임대주택 예비입주자 모집(능곡2,5,6,7,9,13)",경기도,2024.12.11,2024.12.18,접수마감,46417,https://apply.lh.or.kr/lhapply/apply/wt/wrtanc/selectWrtancInfo.do?mi=1026&panId=2015122300017263&ccrCnntSysDsCd=03&uppAisTpCd=06&aisTpCd=07
LH_lease_109,403,영구임대,2024년 서울특별시 영구임대주택 예비입주자 모집,서울특별시,2024.12.13,2024.12.30,접수마감,52248,https://apply.lh.or.kr/lhapply/apply/wt/wrtanc/selectWrtancInfo.do?mi=1026&panId=2015122300017310&ccrCnntSysDsCd=03&uppAisTpCd=06&aisTpCd=09
LH_lease_110,404,영구임대,[정정공고]2024년 서울특별시 영구임대주택 예비입주자 모집,서울특별시,2024.12.13,2024.12.30,접수마감,148669,https://apply.lh.or.kr/lhapply/apply/wt/wrtanc/selectWrtancInfo.do?mi=1026&panId=2015122300017328&ccrCnntSysDsCd=03&uppAisTpCd=06&aisTpCd=09
LH_lease_177,491,행복주택,(신규)과천지식정보타운 S-11BL 행복주택(리츠) 입주자 모집공고('24. 12. 20.),경기도,2024.12.20,2025.01.08,접수마감,153786,https://apply.lh.or.kr/lhapply/apply/wt/wrtanc/selectWrtancInfo.do?mi=1026&panId=2015122300017355&ccrCnntSysDsCd=03&uppAisTpCd=06&aisTpCd=10
LH_lease_190,516,매입임대,[서울지역본부] 24년 4차 신혼신생아 매입임대주택Ⅱ(전세형) 예비입주자 모집공고,서울특별시,2024.12.26,2025.01.08,접수마감,33854,https://apply.lh.or.kr/lhapply/apply/wt/wrtanc/selectWrtancInfo.do?mi=1026&panId=2015122300017410&ccrCnntSysDsCd=03&uppAisTpCd=13&aisTpCd=26
LH_lease_192,518,매입임대,[서울지역본부] 24년 4차 기숙사형 청년주택 예비입주자 모집 공고,서울특별시,2024.12.26,2025.01.08,접수마감,44302,https://apply.lh.or.kr/lhapply/apply/wt/wrtanc/selectWrtancInfo.do?mi=1026&panId=2015122300017401&ccrCnntSysDsCd=03&uppAisTpCd=13&aisTpCd=26
LH_lease_193,519,매입임대,[서울지역본부] 24년 4차 신혼·신생아 매입임대주택Ⅰ 예비입주자 모집공고,서울특별시,2024.12.26,2025.01.08,접수마감,28836,https://apply.lh.or.kr/lhapply/apply/wt/wrtanc/selectWrtancInfo.do?mi=1026&panId=2015122300017405&ccrCnntSysDsCd=03&uppAisTpCd=13&aisTpCd=26
LH_lease_196,522,매입임대,[경기북부] 24년 4차 신혼·신생아 매입임대Ⅱ(전세형) 예비입주자 모집 공고,경기도,2024.12.26,2025.01.08,접수마감,41110,https://apply.lh.or.kr/lhapply/apply/wt/wrtanc/selectWrtancInfo.do?mi=1026&panId=2015122300017384&ccrCnntSysDsCd=03&uppAisTpCd=13&aisTpCd=26
LH_lease_197,524,매입임대,[경기북부] 24년 4차 신혼·신생아 매입임대Ⅰ예비입주자 모집 공고,경기도,2024.12.26,2025.01.08,접수마감,38848,https://apply.lh.or.kr/lhapply/apply/wt/wrtanc/selectWrtancInfo.do?mi=1026&panId=2015122300017382&ccrCnntSysDsCd=03&uppAisTpCd=13&aisTpCd=26
LH_lease_199,526,매입임대,[경기북부] 24년 4차 청년매입임대 예비입주자 모집공고,경기도,2024.12.26,2025.01.08,접수마감,105068,https://apply.lh.or.kr/lhapply/apply/wt/wrtanc/selectWrtancInfo.do?mi=1026&panId=2015122300017381&ccrCnntSysDsCd=03&uppAisTpCd=13&aisTpCd=26
LH_lease_202,531,매입임대,[경기북부] 24년 4차 기숙사형 청년주택 예비입주자 모집공고,경기도,2024.12.26,2025.01.08,접수마감,35014,https://apply.lh.or.kr/lhapply/apply/wt/wrtanc/selectWrtancInfo.do?mi=1026&panId=2015122300017383&ccrCnntSysDsCd=03&uppAisTpCd=13&aisTpCd=26
LH_lease_207,536,매입임대,[경기남부] 24년 4차 청년 매입임대주택 예비입주자 모집공고,경기도,2024.12.26,2025.01.08,접수마감,82661,https://apply.lh.or.kr/lhapply/apply/wt/wrtanc/selectWrtancInfo.do?mi=1026&panId=2015122300017392&ccrCnntSysDsCd=03&uppAisTpCd=13&aisTpCd=26
LH_lease_215,544,매입임대,[경기 안산·시흥] 24년 2차 다자녀 매입임대 예비입주자 모집공고,경기도,2024.12.26,2025.01.08,접수마감,21022,https://apply.lh.or.kr/lhapply/apply/wt/wrtanc/selectWrtancInfo.do?mi=1026&panId=2015122300017417&ccrCnntSysDsCd=03&uppAisTpCd=13&aisTpCd=26
LH_lease_216,545,매입임대,[서울지역본부] 24년 4차 청년 매입임대주택 예비입주자 모집공고,서울특별시,2024.12.26,2025.01.08,접수마감,149700,https://apply.lh.or.kr/lhapply/apply/wt/wrtanc/selectWrtancInfo.do?mi=1026&panId=2015122300017395&ccrCnntSysDsCd=03&uppAisTpCd=13&aisTpCd=26
LH_lease_217,546,매입임대,[경기남부] 24년 4차 신혼·신생아 매입임대주택Ⅱ(전세형) 예비입주자 모집공고,경기도,2024.12.26,2025.01.08,접수마감,39874,https://apply.lh.or.kr/lhapply/apply/wt/wrtanc/selectWrtancInfo.do?mi=1026&panId=2015122300017393&ccrCnntSysDsCd=03&uppAisTpCd=13&aisTpCd=26
LH_lease_218,547,매입임대,[경기남부] 24년 4차 신혼·신생아 매입임대주택Ⅰ 예비입주자 모집공고,경기도,2024.12.26,2025.01.08,접수마감,36043,https://apply.lh.or.kr/lhapply/apply/wt/wrtanc/selectWrtancInfo.do?mi=1026&panId=2015122300017396&ccrCnntSysDsCd=03&uppAisTpCd=13&aisTpCd=26
LH_lease_219,548,매입임대,[경기 화성·군포·안산시] 24년 2차 기숙사형 청년주택 예비입주자 모집공고,경기도,2024.12.26,2025.01.08,접수마감,50347,https://apply.lh.or.kr/lhapply/apply/wt/wrtanc/selectWrtancInfo.do?mi=1026&panId=2015122300017416&ccrCnntSysDsCd=03&uppAisTpCd=13&aisTpCd=26
LH_lease_239,575,행복주택,화성시 행복주택 입주자격완화 예비입주자 모집,경기도,2024.12.30,2025.01.15,접수마감,84415,https://apply.lh.or.kr/lhapply/apply/wt/wrtanc/selectWrtancInfo.do?mi=1026&panId=2015122300017408&ccrCnntSysDsCd=03&uppAisTpCd=06&aisTpCd=10
LH_lease_240,576,국민임대,평택고덕 A-58블록 국민임대주택 입주자모집공고,경기도,2024.12.30,2025.01.17,접수마감,21771,https://apply.lh.or.kr/lhapply/apply/wt/wrtanc/selectWrtancInfo.do?mi=1026&panId=2015122300017432&ccrCnntSysDsCd=03&uppAisTpCd=06&aisTpCd=07
LH_lease_243,579,가정어린이집,평택고덕 A-53블록 가정어린이집 운영예정자 모집공고,경기도,2024.12.30,2025.01.20,접수마감,5538,https://apply.lh.or.kr/lhapply/apply/wt/wrtanc/selectWrtancInfo.do?mi=1026&panId=2015122300017433&ccrCnntSysDsCd=03&uppAisTpCd=06&aisTpCd=40
LH_lease_244,580,국민임대,[정정공고]평택고덕 A-58블록 국민임대주택 입주자모집공고,경기도,2024.12.31,2025.01.17,접수마감,86671,https://apply.lh.or.kr/lhapply/apply/wt/wrtanc/selectWrtancInfo.do?mi=1026&panId=2015122300017434&ccrCnntSysDsCd=03&uppAisTpCd=06&aisTpCd=07
LH_lease_245,581,영구임대,평택합정3)영구임대주택 예비입주자 모집공고,경기도,2024.12.31,2025.02.07,접수마감,41215,https://apply.lh.or.kr/lhapply/apply/wt/wrtanc/selectWrtancInfo.do?mi=1026&panId=2015122300017439&ccrCnntSysDsCd=03&uppAisTpCd=06&aisTpCd=09
LH_lease_246,585,매입임대,[정정공고][서울지역본부] 24년 4차 신혼신생아 매입임대주택Ⅱ(전세형) 예비입주자 모집공고,서울특별시,2024.12.31,2025.01.08,접수마감,74628,https://apply.lh.or.kr/lhapply/apply/wt/wrtanc/selectWrtancInfo.do?mi=1026&panId=2015122300017436&ccrCnntSysDsCd=03&uppAisTpCd=13&aisTpCd=26
LH_lease_248,587,매입임대,[정정공고][서울지역본부] 24년 4차 신혼·신생아 매입임대주택Ⅰ 예비입주자 모집공고,서울특별시,2024.12.31,2025.01.08,접수마감,87001,https://apply.lh.or.kr/lhapply/apply/wt/wrtanc/selectWrtancInfo.do?mi=1026&panId=2015122300017435&ccrCnntSysDsCd=03&uppAisTpCd=13&aisTpCd=26
LH_lease_249,588,행복주택,수원매산 A1블록 행복주택 입주자 모집 공고,경기도,2024.12.31,2025.01.22,접수마감,173616,https://apply.lh.or.kr/lhapply/apply/wt/wrtanc/selectWrtancInfo.do?mi=1026&panId=2015122300017427&ccrCnntSysDsCd=03&uppAisTpCd=06&aisTpCd=10
LH_lease_250,589,매입임대,[정정공고][서울지역본부] 24년 4차 기숙사형 청년주택 예비입주자 모집 공고,서울특별시,2024.12.31,2025.01.08,접수마감,110906,https://apply.lh.or.kr/lhapply/apply/wt/wrtanc/selectWrtancInfo.do?mi=1026&panId=2015122300017438&ccrCnntSysDsCd=03&uppAisTpCd=13&aisTpCd=26
LH_lease_251,590,매입임대,[정정공고][서울지역본부] 24년 4차 청년 매입임대주택 예비입주자 모집공고,서울특별시,2024.12.31,2025.01.08,접수마감,421224,https://apply.lh.or.kr/lhapply/apply/wt/wrtanc/selectWrtancInfo.do?mi=1026&panId=2015122300017437&ccrCnntSysDsCd=03&uppAisTpCd=13&aisTpCd=26
LH_lease_252,591,매입임대,[정정공고][경기남부] 24년 4차 청년 매입임대주택 예비입주자 모집공고,경기도,2025.01.02,2025.01.08,접수마감,163964,https://apply.lh.or.kr/lhapply/apply/wt/wrtanc/selectWrtancInfo.do?mi=1026&panId=2015122300017443&ccrCnntSysDsCd=03&uppAisTpCd=13&aisTpCd=26
LH_lease_253,593,매입임대,[정정공고][경기남부] 24년 4차 신혼·신생아 매입임대주택Ⅰ 예비입주자 모집공고,경기도,2025.01.02,2025.01.08,접수마감,63924,https://apply.lh.or.kr/lhapply/apply/wt/wrtanc/selectWrtancInfo.do?mi=1026&panId=2015122300017440&ccrCnntSysDsCd=03&uppAisTpCd=13&aisTpCd=26
LH_lease_254,594,매입임대,[정정공고][경기남부] 24년 4차 신혼·신생아 매입임대주택Ⅱ(전세형) 예비입주자 모집공고,경기도,2025.01.02,2025.01.08,접수마감,66110,https://apply.lh.or.kr/lhapply/apply/wt/wrtanc/selectWrtancInfo.do?mi=1026&panId=2015122300017442&ccrCnntSysDsCd=03&uppAisTpCd=13&aisTpCd=26
LH_lease_255,595,가정어린이집,"과천지식정보타운S-7, S-3, S-8BL 가정어린이집 운영예정자 모집공고",경기도,2025.01.02,2025.01.20,접수마감,5502,https://apply.lh.or.kr/lhapply/apply/wt/wrtanc/selectWrtancInfo.do?mi=1026&panId=2015122300017445&ccrCnntSysDsCd=03&uppAisTpCd=06&aisTpCd=40
LH_lease_269,625,가정어린이집,"[정정공고]과천지식정보타운S-7, S-3, S-8BL 가정어린이집 운영예정자 모집공고",경기도,2025.01.09,2025.01.20,접수마감,2319,https://apply.lh.or.kr/lhapply/apply/wt/wrtanc/selectWrtancInfo.do?mi=1026&panId=2015122300017462&ccrCnntSysDsCd=03&uppAisTpCd=06&aisTpCd=40
LH_lease_271,632,가정어린이집,"[정정공고]과천지식정보타운S-7, S-3, S-8BL 가정어린이집 운영예정자 모집공고",경기도,2025.01.10,2025.01.20,접수마감,5409,https://apply.lh.or.kr/lhapply/apply/wt/wrtanc/selectWrtancInfo.do?mi=1026&panId=2015122300017465&ccrCnntSysDsCd=03&uppAisTpCd=06&aisTpCd=40
LH_lease_272,633,행복주택,[정정공고]화성시 행복주택 입주자격완화 예비입주자 모집,경기도,2025.01.10,2025.01.15,접수마감,53568,https://apply.lh.or.kr/lhapply/apply/wt/wrtanc/selectWrtancInfo.do?mi=1026&panId=2015122300017463&ccrCnntSysDsCd=03&uppAisTpCd=06&aisTpCd=10
LH_lease_274,639,행복주택,[정정공고]화성시 행복주택 입주자격완화 예비입주자 모집,경기도,2025.01.14,2025.01.15,접수마감,49798,https://apply.lh.or.kr/lhapply/apply/wt/wrtanc/selectWrtancInfo.do?mi=1026&panId=2015122300017468&ccrCnntSysDsCd=03&uppAisTpCd=06&aisTpCd=10
LH_lease_282,655,행복주택,수원시 지역 행복주택 예비입주자 모집 공고(2025.01.20),경기도,2025.01.20,2025.02.05,접수마감,280591,https://apply.lh.or.kr/lhapply/apply/wt/wrtanc/selectWrtancInfo.do?mi=1026&panId=2015122300017469&ccrCnntSysDsCd=03&uppAisTpCd=06&aisTpCd=10
LH_lease_306,723,매입임대,경기남부 청년신혼부부 매입임대리츠 재임대 및 예비입주자 모집공고,경기도,2025.02.04,2025.02.20,접수마감,132609,https://apply.lh.or.kr/lhapply/apply/wt/wrtanc/selectWrtancInfo.do?mi=1026&panId=2015122300017530&ccrCnntSysDsCd=03&uppAisTpCd=13&aisTpCd=26
LH_lease_311,728,매입임대,경기북부 청년신혼부부매입임대리츠주택 재임대 예비입주자 모집공고,경기도,2025.02.04,2025.02.20,접수마감,80907,https://apply.lh.or.kr/lhapply/apply/wt/wrtanc/selectWrtancInfo.do?mi=1026&panId=2015122300017520&ccrCnntSysDsCd=03&uppAisTpCd=13&aisTpCd=26
LH_lease_312,730,공공임대,구리갈매 이스트힐 10년 공공임대주택 예비입주자 모집 공고,경기도,2025.02.04,2025.02.20,접수마감,34674,https://apply.lh.or.kr/lhapply/apply/wt/wrtanc/selectWrtancInfo.do?mi=1026&panId=0000060798&ccrCnntSysDsCd=02&uppAisTpCd=06&aisTpCd=08
LH_lease_313,734,공공임대,[정정공고]구리갈매 이스트힐 10년 공공임대주택 예비입주자 모집 공고,경기도,2025.02.05,2025.02.20,접수마감,91231,https://apply.lh.or.kr/lhapply/apply/wt/wrtanc/selectWrtancInfo.do?mi=1026&panId=0000060806&ccrCnntSysDsCd=02&uppAisTpCd=06&aisTpCd=08
LH_lease_316,741,전세임대,2025년 자립준비청년(청년 유형) 전세임대 입주자 수시모집,서울특별시 외,2025.02.07,2025.09.21,접수마감,826899,https://apply.lh.or.kr/lhapply/apply/wt/wrtanc/selectWrtancInfo.do?mi=1026&panId=2015122300017533&ccrCnntSysDsCd=03&uppAisTpCd=13&aisTpCd=17
LH_lease_337,779,공공임대,파주운정A4BL(별하람3) 10년 공공임대주택리츠 예비입주자 모집(무순위),경기도,2025.02.17,2025.02.26,접수마감,70170,https://apply.lh.or.kr/lhapply/apply/wt/wrtanc/selectWrtancInfo.do?mi=1026&panId=0000060811&ccrCnntSysDsCd=02&uppAisTpCd=06&aisTpCd=08
LH_lease_338,780,공공임대,파주운정A20BL(산내2) 10년 공공임대주택리츠 예비입주자모집(무순위),경기도,2025.02.17,2025.02.26,접수마감,69426,https://apply.lh.or.kr/lhapply/apply/wt/wrtanc/selectWrtancInfo.do?mi=1026&panId=0000060810&ccrCnntSysDsCd=02&uppAisTpCd=06&aisTpCd=08
LH_lease_351,811,가정어린이집,성남판교대장 A-10BL 가정어린이집 운영예정자 선착순 모집 공고,경기도,2025.02.25,2025.04.30,접수마감,13943,https://apply.lh.or.kr/lhapply/apply/wt/wrtanc/selectWrtancInfo.do?mi=1026&panId=2015122300017582&ccrCnntSysDsCd=03&uppAisTpCd=06&aisTpCd=40
LH_lease_358,828,공공임대,오산운암6단지 50년공공임대주택 예비입주자 모집,경기도,2025.02.27,2025.03.11,접수마감,40229,https://apply.lh.or.kr/lhapply/apply/wt/wrtanc/selectWrtancInfo.do?mi=1026&panId=2015122300017578&ccrCnntSysDsCd=03&uppAisTpCd=06&aisTpCd=08
LH_lease_360,830,영구임대,파주운정3 A24BL 영구임대주택 추가 입주자 모집공고,경기도,2025.02.27,2025.03.14,접수마감,33575,https://apply.lh.or.kr/lhapply/apply/wt/wrtanc/selectWrtancInfo.do?mi=1026&panId=2015122300017589&ccrCnntSysDsCd=03&uppAisTpCd=06&aisTpCd=09
LH_lease_362,833,공공임대,시흥시 10년 공공임대주택 예비입주자 모집,경기도,2025.02.28,2025.03.17,접수마감,96284,https://apply.lh.or.kr/lhapply/apply/wt/wrtanc/selectWrtancInfo.do?mi=1026&panId=0000060818&ccrCnntSysDsCd=02&uppAisTpCd=06&aisTpCd=08
LH_lease_363,834,공공임대,고양능곡샘터3단지 50년 공공임대주택 예비입주자 모집 공고,경기도,2025.02.28,2025.03.12,접수마감,53770,https://apply.lh.or.kr/lhapply/apply/wt/wrtanc/selectWrtancInfo.do?mi=1026&panId=2015122300017553&ccrCnntSysDsCd=03&uppAisTpCd=06&aisTpCd=08
LH_lease_369,846,영구임대,[정정공고]파주운정3 A24BL 영구임대주택 추가 입주자 모집공고,경기도,2025.03.05,2025.03.14,접수마감,29832,https://apply.lh.or.kr/lhapply/apply/wt/wrtanc/selectWrtancInfo.do?mi=1026&panId=2015122300017599&ccrCnntSysDsCd=03&uppAisTpCd=06&aisTpCd=09
LH_lease_382,881,공공임대,[정정공고]시흥시 10년 공공임대주택 예비입주자 모집,경기도,2025.03.10,2025.03.17,접수마감,81591,https://apply.lh.or.kr/lhapply/apply/wt/wrtanc/selectWrtancInfo.do?mi=1026&panId=0000060825&ccrCnntSysDsCd=02&uppAisTpCd=06&aisTpCd=08
LH_lease_389,897,행복주택,관악봉천 H-1ㆍ2ㆍ3BL 행복주택 입주자격완화 추가모집,서울특별시,2025.03.13,2025.03.26,접수마감,145021,https://apply.lh.or.kr/lhapply/apply/wt/wrtanc/selectWrtancInfo.do?mi=1026&panId=2015122300017643&ccrCnntSysDsCd=03&uppAisTpCd=06&aisTpCd=10
LH_lease_391,899,국민임대,연천전곡1단지 국민임대주택 예비입주자모집 공고,경기도,2025.03.14,2025.03.27,접수마감,3368,https://apply.lh.or.kr/lhapply/apply/wt/wrtanc/selectWrtancInfo.do?mi=1026&panId=2015122300017619&ccrCnntSysDsCd=03&uppAisTpCd=06&aisTpCd=07
LH_lease_392,901,국민임대,파주시 지역 국민임대주택 예비입주자 모집,경기도,2025.03.14,2025.04.03,접수마감,17536,https://apply.lh.or.kr/lhapply/apply/wt/wrtanc/selectWrtancInfo.do?mi=1026&panId=2015122300017618&ccrCnntSysDsCd=03&uppAisTpCd=06&aisTpCd=07
LH_lease_394,903,국민임대,김포장기 초당마을 국민임대주택 예비입주자 모집공고,경기도,2025.03.14,2025.04.04,접수마감,21108,https://apply.lh.or.kr/lhapply/apply/wt/wrtanc/selectWrtancInfo.do?mi=1026&panId=2015122300017637&ccrCnntSysDsCd=03&uppAisTpCd=06&aisTpCd=07
LH_lease_396,905,국민임대,[정정공고]남양주가운1단지 국민임대 예비입주자 모집 공고,경기도,2025.03.14,2025.04.11,접수마감,16108,https://apply.lh.or.kr/lhapply/apply/wt/wrtanc/selectWrtancInfo.do?mi=1026&panId=2015122300017633&ccrCnntSysDsCd=03&uppAisTpCd=06&aisTpCd=07
LH_lease_399,910,국민임대,파주시 국민임대 예비입주자 모집공고('25.3.14),경기도,2025.03.14,2025.03.26,접수마감,46067,https://apply.lh.or.kr/lhapply/apply/wt/wrtanc/selectWrtancInfo.do?mi=1026&panId=2015122300017612&ccrCnntSysDsCd=03&uppAisTpCd=06&aisTpCd=07
LH_lease_400,911,국민임대,"의정부시, 포천시 국민임대주택 예비입주자 모집 공고",경기도,2025.03.14,2025.03.31,접수마감,72064,https://apply.lh.or.kr/lhapply/apply/wt/wrtanc/selectWrtancInfo.do?mi=1026&panId=2015122300017615&ccrCnntSysDsCd=03&uppAisTpCd=06&aisTpCd=07
LH_lease_403,914,국민임대,남양주시 지역 국민임대주택 예비입주자 모집,경기도,2025.03.14,2025.03.27,접수마감,25776,https://apply.lh.or.kr/lhapply/apply/wt/wrtanc/selectWrtancInfo.do?mi=1026&panId=2015122300017659&ccrCnntSysDsCd=03&uppAisTpCd=06&aisTpCd=07
LH_lease_404,915,국민임대,"강남에버시움(서울강남3), 서울서초3 국민임대주택 예비입주자 모집공고",서울특별시,2025.03.14,2025.03.27,접수마감,197469,https://apply.lh.or.kr/lhapply/apply/wt/wrtanc/selectWrtancInfo.do?mi=1026&panId=2015122300017662&ccrCnntSysDsCd=03&uppAisTpCd=06&aisTpCd=07
LH_lease_405,916,국민임대,평택시.안성시 지역 국민임대 예비입주자 모집공고(2025.03.14),경기도,2025.03.14,2025.03.27,접수마감,21769,https://apply.lh.or.kr/lhapply/apply/wt/wrtanc/selectWrtancInfo.do?mi=1026&panId=2015122300017664&ccrCnntSysDsCd=03&uppAisTpCd=06&aisTpCd=07
LH_lease_406,917,국민임대,화성시 지역 국민임대주택 예비입주자 모집 공고(입주자격완화),경기도,2025.03.14,2025.03.26,접수마감,119660,https://apply.lh.or.kr/lhapply/apply/wt/wrtanc/selectWrtancInfo.do?mi=1026&panId=2015122300017654&ccrCnntSysDsCd=03&uppAisTpCd=06&aisTpCd=07
LH_lease_407,918,국민임대,하남풍산4단지 국민임대주택 예비입주자 모집,경기도,2025.03.14,2025.03.28,접수마감,17302,https://apply.lh.or.kr/lhapply/apply/wt/wrtanc/selectWrtancInfo.do?mi=1026&panId=2015122300017645&ccrCnntSysDsCd=03&uppAisTpCd=06&aisTpCd=07
LH_lease_409,921,국민임대,"양주시 국민임대주택 입주자격완화 예비입주자모집 공고[소득 및 자산요건배제, 무주택요건완화, 전용면적 제한 완화]",경기도,2025.03.14,2025.04.02,접수마감,40840,https://apply.lh.or.kr/lhapply/apply/wt/wrtanc/selectWrtancInfo.do?mi=1026&panId=2015122300017630&ccrCnntSysDsCd=03&uppAisTpCd=06&aisTpCd=07
LH_lease_410,922,국민임대,시흥시 국민임대주택 예비입주자 모집(2025.03.14),경기도,2025.03.14,2025.04.02,접수마감,80727,https://apply.lh.or.kr/lhapply/apply/wt/wrtanc/selectWrtancInfo.do?mi=1026&panId=2015122300017660&ccrCnntSysDsCd=03&uppAisTpCd=06&aisTpCd=07
LH_lease_411,923,국민임대,수원시 지역 국민임대주택 예비입주자 모집 공고(2025.03.14),경기도,2025.03.14,2025.03.28,접수마감,173770,https://apply.lh.or.kr/lhapply/apply/wt/wrtanc/selectWrtancInfo.do?mi=1026&panId=2015122300017650&ccrCnntSysDsCd=03&uppAisTpCd=06&aisTpCd=07
LH_lease_412,924,국민임대,하남시 지역 국민임대주택 예비입주자 모집 공고(2025.03.14.),경기도,2025.03.14,2025.03.27,접수마감,117788,https://apply.lh.or.kr/lhapply/apply/wt/wrtanc/selectWrtancInfo.do?mi=1026&panId=2015122300017628&ccrCnntSysDsCd=03&uppAisTpCd=06&aisTpCd=07
LH_lease_413,926,국민임대,2025년 3월 고양시 지역 국민임대주택 예비입주자 모집공고,경기도,2025.03.14,2025.04.14,접수마감,112163,https://apply.lh.or.kr/lhapply/apply/wt/wrtanc/selectWrtancInfo.do?mi=1026&panId=2015122300017649&ccrCnntSysDsCd=03&uppAisTpCd=06&aisTpCd=07
LH_lease_415,930,국민임대,[정정공고]연천전곡1단지 국민임대주택 예비입주자모집 공고,경기도,2025.03.17,2025.03.27,접수마감,5444,https://apply.lh.or.kr/lhapply/apply/wt/wrtanc/selectWrtancInfo.do?mi=1026&panId=2015122300017686&ccrCnntSysDsCd=03&uppAisTpCd=06&aisTpCd=07
LH_lease_417,932,국민임대,[정정공고]남양주가운1단지 국민임대 예비입주자 모집 공고,경기도,2025.03.17,2025.04.11,접수마감,15443,https://apply.lh.or.kr/lhapply/apply/wt/wrtanc/selectWrtancInfo.do?mi=1026&panId=2015122300017688&ccrCnntSysDsCd=03&uppAisTpCd=06&aisTpCd=07
LH_lease_418,933,국민임대,[정정공고]파주시 지역 국민임대주택 예비입주자 모집,경기도,2025.03.17,2025.04.03,접수마감,55984,https://apply.lh.or.kr/lhapply/apply/wt/wrtanc/selectWrtancInfo.do?mi=1026&panId=2015122300017689&ccrCnntSysDsCd=03&uppAisTpCd=06&aisTpCd=07
LH_lease_419,934,국민임대,[정정공고]평택시.안성시 지역 국민임대 예비입주자 모집공고(2025.03.14),경기도,2025.03.17,2025.03.27,접수마감,60698,https://apply.lh.or.kr/lhapply/apply/wt/wrtanc/selectWrtancInfo.do?mi=1026&panId=2015122300017697&ccrCnntSysDsCd=03&uppAisTpCd=06&aisTpCd=07
LH_lease_421,937,국민임대,[정정공고]하남풍산4단지 국민임대주택 예비입주자 모집,경기도,2025.03.17,2025.03.28,접수마감,52444,https://apply.lh.or.kr/lhapply/apply/wt/wrtanc/selectWrtancInfo.do?mi=1026&panId=2015122300017703&ccrCnntSysDsCd=03&uppAisTpCd=06&aisTpCd=07
LH_lease_429,947,국민임대,[정정공고]남양주시 지역 국민임대주택 예비입주자 모집,경기도,2025.03.18,2025.03.27,접수마감,70388,https://apply.lh.or.kr/lhapply/apply/wt/wrtanc/selectWrtancInfo.do?mi=1026&panId=2015122300017734&ccrCnntSysDsCd=03&uppAisTpCd=06&aisTpCd=07
LH_lease_503,1031,국민임대,[정정공고][정정공고]김포장기 초당마을 국민임대주택 예비입주자 모집공고(2025.03.14.),경기도,2025.03.20,2025.04.04,접수마감,42062,https://apply.lh.or.kr/lhapply/apply/wt/wrtanc/selectWrtancInfo.do?mi=1026&panId=2015122300017685&ccrCnntSysDsCd=03&uppAisTpCd=06&aisTpCd=07
LH_lease_505,1035,영구임대,[입주자격완화] 평택고덕 A-58블록 영구임대주택 입주자 추가모집,경기도,2025.03.20,2025.04.03,접수마감,65731,https://apply.lh.or.kr/lhapply/apply/wt/wrtanc/selectWrtancInfo.do?mi=1026&panId=2015122300017736&ccrCnntSysDsCd=03&uppAisTpCd=06&aisTpCd=09
LH_lease_516,1053,공공임대,화성동탄2 10년 분양전환공공임대주택(리츠) 예비입주자모집공고('25.03),경기도,2025.03.24,2025.04.02,접수마감,116735,https://apply.lh.or.kr/lhapply/apply/wt/wrtanc/selectWrtancInfo.do?mi=1026&panId=0000060757&ccrCnntSysDsCd=02&uppAisTpCd=06&aisTpCd=08
LH_lease_520,1061,매입임대,[광주시] 2025년 기존주택 등 매입임대주택 예비입주자 모집 공고,경기도,2025.03.25,2025.04.09,접수마감,10646,https://apply.lh.or.kr/lhapply/apply/wt/wrtanc/selectWrtancInfo.do?mi=1026&panId=2015122300017801&ccrCnntSysDsCd=03&uppAisTpCd=13&aisTpCd=26
LH_lease_524,1069,매입임대,[안성시] 2025년 기존주택 등 매입임대주택 예비입주자 모집 공고,경기도,2025.03.26,2025.04.09,접수마감,4946,https://apply.lh.or.kr/lhapply/apply/wt/wrtanc/selectWrtancInfo.do?mi=1026&panId=2015122300017819&ccrCnntSysDsCd=03&uppAisTpCd=13&aisTpCd=26
LH_lease_528,1073,매입임대,[서울지역본부] 25년 1차 신혼신생아 매입임대Ⅱ(전세형) 예비입주자 모집공고,서울특별시,2025.03.27,2025.04.09,접수마감,99860,https://apply.lh.or.kr/lhapply/apply/wt/wrtanc/selectWrtancInfo.do?mi=1026&panId=2015122300017824&ccrCnntSysDsCd=03&uppAisTpCd=13&aisTpCd=26
LH_lease_529,1074,매입임대,[서울지역본부] 25년 1차 신혼·신생아 매입임대주택Ⅰ 예비입주자 모집공고,서울특별시,2025.03.27,2025.04.09,접수마감,98863,https://apply.lh.or.kr/lhapply/apply/wt/wrtanc/selectWrtancInfo.do?mi=1026&panId=2015122300017821&ccrCnntSysDsCd=03&uppAisTpCd=13&aisTpCd=26
LH_lease_530,1075,매입임대,[수원시] 2025년 기존주택 등 매입임대주택 예비입주자 모집 공고,경기도,2025.03.27,2025.04.09,접수마감,48941,https://apply.lh.or.kr/lhapply/apply/wt/wrtanc/selectWrtancInfo.do?mi=1026&panId=2015122300017799&ccrCnntSysDsCd=03&uppAisTpCd=13&aisTpCd=26
LH_lease_531,1076,매입임대,[안산시] 2025년 기존주택 등 매입임대주택 예비입주자 모집 공고,경기도,2025.03.27,2025.04.09,접수마감,28016,https://apply.lh.or.kr/lhapply/apply/wt/wrtanc/selectWrtancInfo.do?mi=1026&panId=2015122300017800&ccrCnntSysDsCd=03&uppAisTpCd=13&aisTpCd=26
LH_lease_532,1077,매입임대,[용인시] 2025년 기존주택 등 매입임대주택 예비입주자 모집 공고,경기도,2025.03.27,2025.04.09,접수마감,27928,https://apply.lh.or.kr/lhapply/apply/wt/wrtanc/selectWrtancInfo.do?mi=1026&panId=2015122300017802&ccrCnntSysDsCd=03&uppAisTpCd=13&aisTpCd=26
LH_lease_533,1078,매입임대,[여주시] 2025년 기존주택 등 매입임대주택 예비입주자 모집 공고,경기도,2025.03.27,2025.04.09,접수마감,6320,https://apply.lh.or.kr/lhapply/apply/wt/wrtanc/selectWrtancInfo.do?mi=1026&panId=2015122300017803&ccrCnntSysDsCd=03&uppAisTpCd=13&aisTpCd=26
LH_lease_534,1079,매입임대,[이천시] 2025년 기존주택 등 매입임대주택 예비입주자 모집 공고,경기도,2025.03.27,2025.04.09,접수마감,9215,https://apply.lh.or.kr/lhapply/apply/wt/wrtanc/selectWrtancInfo.do?mi=1026&panId=2015122300017804&ccrCnntSysDsCd=03&uppAisTpCd=13&aisTpCd=26
LH_lease_535,1080,매입임대,[화성시] 2025년 기존주택 등 매입임대주택 예비입주자 모집 공고,경기도,2025.03.27,2025.04.09,접수마감,27557,https://apply.lh.or.kr/lhapply/apply/wt/wrtanc/selectWrtancInfo.do?mi=1026&panId=2015122300017806&ccrCnntSysDsCd=03&uppAisTpCd=13&aisTpCd=26
LH_lease_536,1081,매입임대,[오산시] 2025년 기존주택 등 매입임대주택 예비입주자 모집 공고,경기도,2025.03.27,2025.04.09,접수마감,14290,https://apply.lh.or.kr/lhapply/apply/wt/wrtanc/selectWrtancInfo.do?mi=1026&panId=2015122300017807&ccrCnntSysDsCd=03&uppAisTpCd=13&aisTpCd=26
LH_lease_537,1082,매입임대,[광명시] 2025년 기존주택 등 매입임대주택 예비입주자 모집 공고,경기도,2025.03.27,2025.04.09,접수마감,21823,https://apply.lh.or.kr/lhapply/apply/wt/wrtanc/selectWrtancInfo.do?mi=1026&panId=2015122300017808&ccrCnntSysDsCd=03&uppAisTpCd=13&aisTpCd=26
LH_lease_538,1083,매입임대,[시흥시] 2025년 기존주택 등 매입임대주택 예비입주자 모집 공고,경기도,2025.03.27,2025.04.09,접수마감,22946,https://apply.lh.or.kr/lhapply/apply/wt/wrtanc/selectWrtancInfo.do?mi=1026&panId=2015122300017809&ccrCnntSysDsCd=03&uppAisTpCd=13&aisTpCd=26
LH_lease_539,1084,매입임대,[평택시] 2025년 기존주택 등 매입임대주택 예비입주자 모집 공고,경기도,2025.03.27,2025.04.09,접수마감,20003,https://apply.lh.or.kr/lhapply/apply/wt/wrtanc/selectWrtancInfo.do?mi=1026&panId=2015122300017817&ccrCnntSysDsCd=03&uppAisTpCd=13&aisTpCd=26
LH_lease_540,1085,매입임대,[경기남부] 25년 1차 청년 매입임대주택 예비입주자 모집공고,경기도,2025.03.27,2025.04.09,접수마감,79905,https://apply.lh.or.kr/lhapply/apply/wt/wrtanc/selectWrtancInfo.do?mi=1026&panId=2015122300017787&ccrCnntSysDsCd=03&uppAisTpCd=13&aisTpCd=26
LH_lease_541,1086,매입임대,[경기북부] 25년 1차 신혼·신생아 매입임대Ⅰ예비입주자 모집 공고,경기도,2025.03.27,2025.04.09,접수마감,37850,https://apply.lh.or.kr/lhapply/apply/wt/wrtanc/selectWrtancInfo.do?mi=1026&panId=2015122300017795&ccrCnntSysDsCd=03&uppAisTpCd=13&aisTpCd=26
LH_lease_542,1087,매입임대,[경기북부] 25년 1차 신혼·신생아 매입임대Ⅱ(전세형) 예비입주자 모집 공고,경기도,2025.03.27,2025.04.09,접수마감,51093,https://apply.lh.or.kr/lhapply/apply/wt/wrtanc/selectWrtancInfo.do?mi=1026&panId=2015122300017797&ccrCnntSysDsCd=03&uppAisTpCd=13&aisTpCd=26
LH_lease_548,1093,매입임대,[서울지역본부] 25년 1차 청년 매입임대주택 예비입주자 모집공고,서울특별시,2025.03.27,2025.04.09,접수마감,585858,https://apply.lh.or.kr/lhapply/apply/wt/wrtanc/selectWrtancInfo.do?mi=1026&panId=2015122300017788&ccrCnntSysDsCd=03&uppAisTpCd=13&aisTpCd=26
LH_lease_554,1099,매입임대,[경기북부] 25년 1차 청년매입임대 예비입주자 모집공고,경기도,2025.03.27,2025.04.09,접수마감,131043,https://apply.lh.or.kr/lhapply/apply/wt/wrtanc/selectWrtancInfo.do?mi=1026&panId=2015122300017766&ccrCnntSysDsCd=03&uppAisTpCd=13&aisTpCd=26
LH_lease_558,1103,매입임대,[경기남부] 25년 1차 신혼·신생아 매입임대주택Ⅰ 예비입주자 모집공고,경기도,2025.03.27,2025.04.09,접수마감,46810,https://apply.lh.or.kr/lhapply/apply/wt/wrtanc/selectWrtancInfo.do?mi=1026&panId=2015122300017793&ccrCnntSysDsCd=03&uppAisTpCd=13&aisTpCd=26
LH_lease_559,1104,매입임대,[경기남부] 25년 1차 신혼·신생아 매입임대주택Ⅱ(전세형) 예비입주자 모집공고,경기도,2025.03.27,2025.04.09,접수마감,46567,https://apply.lh.or.kr/lhapply/apply/wt/wrtanc/selectWrtancInfo.do?mi=1026&panId=2015122300017796&ccrCnntSysDsCd=03&uppAisTpCd=13&aisTpCd=26
LH_lease_576,1130,영구임대,군포시 영구임대주택 예비입주자 모집,경기도,2025.03.28,2025.04.16,접수마감,35048,https://apply.lh.or.kr/lhapply/apply/wt/wrtanc/selectWrtancInfo.do?mi=1026&panId=2015122300017831&ccrCnntSysDsCd=03&uppAisTpCd=06&aisTpCd=09
LH_lease_577,1132,국민임대,[정정공고]남양주가운1단지 국민임대 예비입주자 모집 공고,경기도,2025.03.28,2025.04.11,접수마감,64032,https://apply.lh.or.kr/lhapply/apply/wt/wrtanc/selectWrtancInfo.do?mi=1026&panId=2015122300017749&ccrCnntSysDsCd=03&uppAisTpCd=06&aisTpCd=07
LH_lease_578,1133,행복주택,판교제2테크노밸리A1 창업지원주택 및 성남재생산단A3 지역전략산업지원주택(행복주택) 예비입주자모집(2025.03.28.),경기도,2025.03.28,2025.04.11,접수마감,83723,https://apply.lh.or.kr/lhapply/apply/wt/wrtanc/selectWrtancInfo.do?mi=1026&panId=2015122300017778&ccrCnntSysDsCd=03&uppAisTpCd=06&aisTpCd=10
LH_lease_581,1136,영구임대,화성서부권 영구임대주택 예비입주자 모집 공고(2025.03.28.),경기도,2025.03.28,2025.04.18,접수마감,51889,https://apply.lh.or.kr/lhapply/apply/wt/wrtanc/selectWrtancInfo.do?mi=1026&panId=2015122300017763&ccrCnntSysDsCd=03&uppAisTpCd=06&aisTpCd=09
LH_lease_583,1144,매입임대,서울 청년 특화형 매입임대주택 [아츠스테이 영등포] 예비입주자 모집공고[25.03.31],서울특별시,2025.03.31,2025.04.06,접수마감,112602,https://apply.lh.or.kr/lhapply/apply/wt/wrtanc/selectWrtancInfo.do?mi=1026&panId=2015122300017849&ccrCnntSysDsCd=03&uppAisTpCd=13&aisTpCd=26
LH_lease_590,1159,매입임대,[정정공고][경기남부] 25년 1차 청년 매입임대주택 예비입주자 모집공고,경기도,2025.04.02,2025.04.09,접수마감,187295,https://apply.lh.or.kr/lhapply/apply/wt/wrtanc/selectWrtancInfo.do?mi=1026&panId=2015122300017852&ccrCnntSysDsCd=03&uppAisTpCd=13&aisTpCd=26
LH_lease_591,1161,매입임대,[정정공고][경기남부] 25년 1차 신혼·신생아 매입임대주택Ⅱ(전세형) 예비입주자 모집공고,경기도,2025.04.02,2025.04.09,접수마감,75796,https://apply.lh.or.kr/lhapply/apply/wt/wrtanc/selectWrtancInfo.do?mi=1026&panId=2015122300017854&ccrCnntSysDsCd=03&uppAisTpCd=13&aisTpCd=26
LH_lease_592,1162,매입임대,[정정공고][경기남부] 25년 1차 신혼·신생아 매입임대주택Ⅰ 예비입주자 모집공고,경기도,2025.04.02,2025.04.09,접수마감,71688,https://apply.lh.or.kr/lhapply/apply/wt/wrtanc/selectWrtancInfo.do?mi=1026&panId=2015122300017853&ccrCnntSysDsCd=03&uppAisTpCd=13&aisTpCd=26
LH_lease_595,1168,국민임대,[정정공고]2025년 3월 고양시 지역 국민임대주택 예비입주자 모집공고,경기도,2025.04.03,2025.04.14,접수마감,134850,https://apply.lh.or.kr/lhapply/apply/wt/wrtanc/selectWrtancInfo.do?mi=1026&panId=2015122300017860&ccrCnntSysDsCd=03&uppAisTpCd=06&aisTpCd=07
LH_lease_598,1181,공공임대,김포한강 Ac-05블록 10년 공공임대주택(리츠) 예비입주자 모집 공고,경기도,2025.04.04,2025.04.18,접수마감,110466,https://apply.lh.or.kr/lhapply/apply/wt/wrtanc/selectWrtancInfo.do?mi=1026&panId=0000060832&ccrCnntSysDsCd=02&uppAisTpCd=06&aisTpCd=08
LH_lease_611,1238,국민임대,"오산시 지역 국민임대주택 예비입주자 모집 공고(입주자격완화, 선계약후검증)",경기도,2025.04.14,2025.05.09,접수마감,177093,https://apply.lh.or.kr/lhapply/apply/wt/wrtanc/selectWrtancInfo.do?mi=1026&panId=2015122300017864&ccrCnntSysDsCd=03&uppAisTpCd=06&aisTpCd=07
LH_lease_618,1250,영구임대,화성 동탄지구 내 영구임대주택 예비자 모집(25.04.15.),경기도,2025.04.15,2025.05.02,접수마감,60871,https://apply.lh.or.kr/lhapply/apply/wt/wrtanc/selectWrtancInfo.do?mi=1026&panId=2015122300017876&ccrCnntSysDsCd=03&uppAisTpCd=06&aisTpCd=09
LH_lease_627,1273,행복주택,의왕고천A-1BL[리츠] 행복주택 예비입주자 모집,경기도,2025.04.21,2025.05.09,접수마감,19420,https://apply.lh.or.kr/lhapply/apply/wt/wrtanc/selectWrtancInfo.do?mi=1026&panId=2015122300017893&ccrCnntSysDsCd=03&uppAisTpCd=06&aisTpCd=10
LH_lease_628,1274,행복주택,부천시 행복주택 예비입주자 모집공고(2025.04.21),경기도,2025.04.21,2025.05.09,접수마감,39878,https://apply.lh.or.kr/lhapply/apply/wt/wrtanc/selectWrtancInfo.do?mi=1026&panId=2015122300017896&ccrCnntSysDsCd=03&uppAisTpCd=06&aisTpCd=10
LH_lease_629,1275,국민임대,[정정공고]화성태안6단지 예비입주자 당첨 발표일 정정공고,경기도,2025.04.21,2024.12.19,접수마감,2372,https://apply.lh.or.kr/lhapply/apply/wt/wrtanc/selectWrtancInfo.do?mi=1026&panId=2015122300017898&ccrCnntSysDsCd=03&uppAisTpCd=06&aisTpCd=07
LH_lease_631,1277,행복주택,평택시.안성시 지역 행복주택 예비입주자 모집(2025.04.21),경기도,2025.04.21,2025.05.08,접수마감,31285,https://apply.lh.or.kr/lhapply/apply/wt/wrtanc/selectWrtancInfo.do?mi=1026&panId=2015122300017895&ccrCnntSysDsCd=03&uppAisTpCd=06&aisTpCd=10
LH_lease_632,1278,행복주택,"구리시, 남양주시 지역 행복주택 예비입주자 모집",경기도,2025.04.21,2025.05.09,접수마감,31392,https://apply.lh.or.kr/lhapply/apply/wt/wrtanc/selectWrtancInfo.do?mi=1026&panId=2015122300017897&ccrCnntSysDsCd=03&uppAisTpCd=06&aisTpCd=10
LH_lease_634,1281,행복주택,[정정공고]의왕고천A-1BL[리츠] 행복주택 예비입주자 모집,경기도,2025.04.22,2025.05.09,접수마감,47453,https://apply.lh.or.kr/lhapply/apply/wt/wrtanc/selectWrtancInfo.do?mi=1026&panId=2015122300017901&ccrCnntSysDsCd=03&uppAisTpCd=06&aisTpCd=10
LH_lease_636,1285,행복주택,"[정정공고]구리시, 남양주시 지역 행복주택 예비입주자 모집",경기도,2025.04.22,2025.05.09,접수마감,95204,https://apply.lh.or.kr/lhapply/apply/wt/wrtanc/selectWrtancInfo.do?mi=1026&panId=2015122300017908&ccrCnntSysDsCd=03&uppAisTpCd=06&aisTpCd=10
LH_lease_637,1287,행복주택,부천영상 지역전략산업지원 행복주택 입주자 추가모집 공고('25.04.22.),경기도,2025.04.22,2025.05.16,접수마감,46916,https://apply.lh.or.kr/lhapply/apply/wt/wrtanc/selectWrtancInfo.do?mi=1026&panId=2015122300017900&ccrCnntSysDsCd=03&uppAisTpCd=06&aisTpCd=10
LH_lease_638,1290,행복주택,[정정공고]부천시 행복주택 예비입주자 모집공고(2025.04.21),경기도,2025.04.23,2025.05.09,접수마감,66659,https://apply.lh.or.kr/lhapply/apply/wt/wrtanc/selectWrtancInfo.do?mi=1026&panId=2015122300017912&ccrCnntSysDsCd=03&uppAisTpCd=06&aisTpCd=10
LH_lease_640,1297,행복주택,화성시 행복주택 입주자격완화 예비입주자 모집,경기도,2025.04.23,2025.05.13,접수마감,120335,https://apply.lh.or.kr/lhapply/apply/wt/wrtanc/selectWrtancInfo.do?mi=1026&panId=2015122300017909&ccrCnntSysDsCd=03&uppAisTpCd=06&aisTpCd=10
LH_lease_645,1305,행복주택,부천원종 행복주택(LH참여형 가로주택정비사업) 입주자 모집,경기도,2025.04.24,2025.05.09,접수마감,42498,https://apply.lh.or.kr/lhapply/apply/wt/wrtanc/selectWrtancInfo.do?mi=1026&panId=2015122300017921&ccrCnntSysDsCd=03&uppAisTpCd=06&aisTpCd=10
LH_lease_647,1315,매입임대,[경기북부]다자녀 매입임대주택 예비입주자 모집,경기도,2025.04.25,2025.05.09,접수마감,26121,https://apply.lh.or.kr/lhapply/apply/wt/wrtanc/selectWrtancInfo.do?mi=1026&panId=2015122300017899&ccrCnntSysDsCd=03&uppAisTpCd=13&aisTpCd=26
LH_lease_653,1325,행복주택,[정정공고]평택시.안성시 지역 행복주택 예비입주자 모집(2025.04.21),경기도,2025.04.28,2025.05.08,접수마감,44852,https://apply.lh.or.kr/lhapply/apply/wt/wrtanc/selectWrtancInfo.do?mi=1026&panId=2015122300017943&ccrCnntSysDsCd=03&uppAisTpCd=06&aisTpCd=10
LH_lease_694,1413,행복주택,화성동탄2 행복주택 입주자격완화 예비자 모집(2025.05.08.),경기도,2025.05.08,2025.05.21,접수마감,139467,https://apply.lh.or.kr/lhapply/apply/wt/wrtanc/selectWrtancInfo.do?mi=1026&panId=2015122300017940&ccrCnntSysDsCd=03&uppAisTpCd=06&aisTpCd=10
LH_lease_698,1422,행복주택,군포송정A-1BL 행복주택 입주자격완화 예비입주자 모집,경기도,2025.05.09,2025.05.20,접수마감,32880,https://apply.lh.or.kr/lhapply/apply/wt/wrtanc/selectWrtancInfo.do?mi=1026&panId=2015122300017977&ccrCnntSysDsCd=03&uppAisTpCd=06&aisTpCd=10
LH_lease_699,1423,행복주택,의왕포일1블럭 창업지원주택 예비입주자 모집,경기도,2025.05.09,2025.05.27,접수마감,11915,https://apply.lh.or.kr/lhapply/apply/wt/wrtanc/selectWrtancInfo.do?mi=1026&panId=2015122300017984&ccrCnntSysDsCd=03&uppAisTpCd=06&aisTpCd=10
LH_lease_704,1437,행복주택,오산시 행복주택 입주자격완화 예비입주자 추가모집,경기도,2025.05.12,2025.05.28,접수마감,68364,https://apply.lh.or.kr/lhapply/apply/wt/wrtanc/selectWrtancInfo.do?mi=1026&panId=2015122300017971&ccrCnntSysDsCd=03&uppAisTpCd=06&aisTpCd=10
LH_lease_706,1439,행복주택,[정정공고]의왕포일1블럭 창업지원주택 예비입주자 모집,경기도,2025.05.12,2025.05.27,접수마감,12648,https://apply.lh.or.kr/lhapply/apply/wt/wrtanc/selectWrtancInfo.do?mi=1026&panId=2015122300018010&ccrCnntSysDsCd=03&uppAisTpCd=06&aisTpCd=10
LH_lease_707,1440,행복주택,파주시 관내 중소기업체 근로자 기숙사용 건설임대주택 기업체 모집공고,경기도,2025.05.12,2025.05.23,접수마감,3963,https://apply.lh.or.kr/lhapply/apply/wt/wrtanc/selectWrtancInfo.do?mi=1026&panId=2015122300017999&ccrCnntSysDsCd=03&uppAisTpCd=06&aisTpCd=10
LH_lease_711,1459,국민임대,의정부금오9단지 국민임대주택 예비입주자 모집 공고,경기도,2025.05.14,2025.06.02,접수마감,12018,https://apply.lh.or.kr/lhapply/apply/wt/wrtanc/selectWrtancInfo.do?mi=1026&panId=2015122300018009&ccrCnntSysDsCd=03&uppAisTpCd=06&aisTpCd=07
LH_lease_712,1460,국민임대,하남풍산1단지 국민임대주택 예비입주자 모집공고,경기도,2025.05.14,2025.06.02,접수마감,15698,https://apply.lh.or.kr/lhapply/apply/wt/wrtanc/selectWrtancInfo.do?mi=1026&panId=2015122300018004&ccrCnntSysDsCd=03&uppAisTpCd=06&aisTpCd=07
LH_lease_713,1461,국민임대,[정정공고]하남풍산1단지 국민임대주택 예비입주자 모집공고,경기도,2025.05.14,2025.06.02,접수마감,39730,https://apply.lh.or.kr/lhapply/apply/wt/wrtanc/selectWrtancInfo.do?mi=1026&panId=2015122300018032&ccrCnntSysDsCd=03&uppAisTpCd=06&aisTpCd=07
LH_lease_715,1465,국민임대,파주시 해솔마을 11 국민임대 예비입주자 모집공고,경기도,2025.05.14,2025.06.05,접수마감,6804,https://apply.lh.or.kr/lhapply/apply/wt/wrtanc/selectWrtancInfo.do?mi=1026&panId=2015122300017997&ccrCnntSysDsCd=03&uppAisTpCd=06&aisTpCd=07
LH_lease_717,1467,국민임대,성남시 지역 국민임대주택 예비입주자 모집(2025.05.14),경기도,2025.05.14,2025.05.27,접수마감,107877,https://apply.lh.or.kr/lhapply/apply/wt/wrtanc/selectWrtancInfo.do?mi=1026&panId=2015122300017989&ccrCnntSysDsCd=03&uppAisTpCd=06&aisTpCd=07
LH_lease_718,1468,국민임대,파주시 국민임대 예비입주자 모집공고('25.05.14),경기도,2025.05.14,2025.05.29,접수마감,72812,https://apply.lh.or.kr/lhapply/apply/wt/wrtanc/selectWrtancInfo.do?mi=1026&panId=2015122300018027&ccrCnntSysDsCd=03&uppAisTpCd=06&aisTpCd=07
LH_lease_719,1469,국민임대,평택시.안성시 지역 국민임대 예비입주자 모집공고(2025.05.14),경기도,2025.05.14,2025.05.28,접수마감,42930,https://apply.lh.or.kr/lhapply/apply/wt/wrtanc/selectWrtancInfo.do?mi=1026&panId=2015122300018013&ccrCnntSysDsCd=03&uppAisTpCd=06&aisTpCd=07
LH_lease_720,1470,국민임대,화성시 지역 국민임대주택 예비입주자 모집 공고(입주자격완화),경기도,2025.05.14,2025.06.02,접수마감,117752,https://apply.lh.or.kr/lhapply/apply/wt/wrtanc/selectWrtancInfo.do?mi=1026&panId=2015122300017982&ccrCnntSysDsCd=03&uppAisTpCd=06&aisTpCd=07
LH_lease_721,1471,국민임대,용인시 및 이천시 지역 국민임대주택 예비입주자 모집,경기도,2025.05.14,2025.05.30,접수마감,75180,https://apply.lh.or.kr/lhapply/apply/wt/wrtanc/selectWrtancInfo.do?mi=1026&panId=2015122300017969&ccrCnntSysDsCd=03&uppAisTpCd=06&aisTpCd=07
LH_lease_722,1472,국민임대,시흥시 국민임대주택 예비입주자 모집(2025.05.14),경기도,2025.05.14,2025.06.05,접수마감,44812,https://apply.lh.or.kr/lhapply/apply/wt/wrtanc/selectWrtancInfo.do?mi=1026&panId=2015122300018000&ccrCnntSysDsCd=03&uppAisTpCd=06&aisTpCd=07
LH_lease_723,1473,국민임대,부천시 국민임대 예비입주자 모집공고(2025.05.14),경기도,2025.05.14,2025.06.12,접수마감,90819,https://apply.lh.or.kr/lhapply/apply/wt/wrtanc/selectWrtancInfo.do?mi=1026&panId=2015122300018024&ccrCnntSysDsCd=03&uppAisTpCd=06&aisTpCd=07
LH_lease_724,1474,국민임대,"구리,남양주시지역 국민임대 예비입주자모집공고",경기도,2025.05.14,2025.05.28,접수마감,82109,https://apply.lh.or.kr/lhapply/apply/wt/wrtanc/selectWrtancInfo.do?mi=1026&panId=2015122300018014&ccrCnntSysDsCd=03&uppAisTpCd=06&aisTpCd=07
LH_lease_725,1475,국민임대,군포·안산·의왕·안양지역 국민임대주택 예비입주자 모집(2025.05.14),경기도,2025.05.14,2025.06.05,접수마감,120672,https://apply.lh.or.kr/lhapply/apply/wt/wrtanc/selectWrtancInfo.do?mi=1026&panId=2015122300018005&ccrCnntSysDsCd=03&uppAisTpCd=06&aisTpCd=07
LH_lease_727,1477,국민임대,김포시 국민임대주택 입주자격완화 예비입주자 모집 공고,경기도,2025.05.14,2025.05.30,접수마감,56690,https://apply.lh.or.kr/lhapply/apply/wt/wrtanc/selectWrtancInfo.do?mi=1026&panId=2015122300018019&ccrCnntSysDsCd=03&uppAisTpCd=06&aisTpCd=07
LH_lease_728,1478,국민임대,[정정공고]파주시 해솔마을 11 국민임대 예비입주자 모집공고,경기도,2025.05.14,2025.06.05,접수마감,30090,https://apply.lh.or.kr/lhapply/apply/wt/wrtanc/selectWrtancInfo.do?mi=1026&panId=2015122300018037&ccrCnntSysDsCd=03&uppAisTpCd=06&aisTpCd=07
LH_lease_731,1483,국민임대,[정정공고]의정부금오9단지 국민임대주택 예비입주자 모집 공고,경기도,2025.05.15,2025.06.02,접수마감,26996,https://apply.lh.or.kr/lhapply/apply/wt/wrtanc/selectWrtancInfo.do?mi=1026&panId=2015122300018043&ccrCnntSysDsCd=03&uppAisTpCd=06&aisTpCd=07
LH_lease_735,1492,행복주택,서울오류 행복주택 예비입주자 모집공고,서울특별시,2025.05.15,2025.05.28,접수마감,211454,https://apply.lh.or.kr/lhapply/apply/wt/wrtanc/selectWrtancInfo.do?mi=1026&panId=2015122300018015&ccrCnntSysDsCd=03&uppAisTpCd=06&aisTpCd=10
LH_lease_736,1493,영구임대,시흥시 영구임대주택 예비입주자 모집(2025.05.15),경기도,2025.05.15,2025.05.30,접수마감,23401,https://apply.lh.or.kr/lhapply/apply/wt/wrtanc/selectWrtancInfo.do?mi=1026&panId=2015122300018028&ccrCnntSysDsCd=03&uppAisTpCd=06&aisTpCd=09
LH_lease_786,1552,영구임대,[정정공고]시흥시 영구임대주택 예비입주자 모집(2025.05.15),경기도,2025.05.20,2025.05.30,접수마감,15372,https://apply.lh.or.kr/lhapply/apply/wt/wrtanc/selectWrtancInfo.do?mi=1026&panId=2015122300018103&ccrCnntSysDsCd=03&uppAisTpCd=06&aisTpCd=09
LH_lease_789,1559,행복주택,파주시 행복주택 예비입주자 모집공고('25.05.20),경기도,2025.05.20,2025.06.02,접수마감,62664,https://apply.lh.or.kr/lhapply/apply/wt/wrtanc/selectWrtancInfo.do?mi=1026&panId=2015122300018045&ccrCnntSysDsCd=03&uppAisTpCd=06&aisTpCd=10
LH_lease_790,1560,행복주택(신혼희망),시흥시 신혼희망타운 예비입주자 입주자격 완화 모집(2025.05.20),경기도,2025.05.20,2025.06.05,접수마감,22108,https://apply.lh.or.kr/lhapply/apply/wt/wrtanc/selectWrtancInfo.do?mi=1026&panId=2015122300018110&ccrCnntSysDsCd=03&uppAisTpCd=39&aisTpCd=42
LH_lease_791,1561,행복주택(신혼희망),평택시 지역 신혼희망타운 행복주택 입주자격완화 예비입주자 모집(2025.05.20공고),경기도,2025.05.20,2025.06.05,접수마감,27317,https://apply.lh.or.kr/lhapply/apply/wt/wrtanc/selectWrtancInfo.do?mi=1026&panId=2015122300018091&ccrCnntSysDsCd=03&uppAisTpCd=39&aisTpCd=42
LH_lease_794,1564,행복주택,하남시 지역 행복주택 예비입주자 모집(2025.05.20.),경기도,2025.05.20,2025.06.05,접수마감,142636,https://apply.lh.or.kr/lhapply/apply/wt/wrtanc/selectWrtancInfo.do?mi=1026&panId=2015122300018061&ccrCnntSysDsCd=03&uppAisTpCd=06&aisTpCd=10
LH_lease_797,1586,행복주택,고양장항 A-1BL 행복주택 입주자격완화 예비자모집,경기도,2025.05.21,2025.06.13,접수마감,111779,https://apply.lh.or.kr/lhapply/apply/wt/wrtanc/selectWrtancInfo.do?mi=1026&panId=2015122300018116&ccrCnntSysDsCd=03&uppAisTpCd=06&aisTpCd=10
LH_lease_799,1590,국민임대,화성시 관내 중소기업체 근로자 기숙사용 건설임대주택 기업체 모집 공고(국민임대),경기도,2025.05.22,2025.06.05,접수마감,6508,https://apply.lh.or.kr/lhapply/apply/wt/wrtanc/selectWrtancInfo.do?mi=1026&panId=2015122300018088&ccrCnntSysDsCd=03&uppAisTpCd=06&aisTpCd=07
LH_lease_803,1594,행복주택,화성시 관내 중소기업체 근로자 기숙사용 건설임대주택 기업체 모집 공고(행복주택),경기도,2025.05.22,2025.06.05,접수마감,6950,https://apply.lh.or.kr/lhapply/apply/wt/wrtanc/selectWrtancInfo.do?mi=1026&panId=2015122300018089&ccrCnntSysDsCd=03&uppAisTpCd=06&aisTpCd=10
LH_lease_815,1620,행복주택,2025년 5월 고양시 지역 행복주택 예비입주자 모집공고,경기도,2025.05.23,2025.06.12,접수마감,150100,https://apply.lh.or.kr/lhapply/apply/wt/wrtanc/selectWrtancInfo.do?mi=1026&panId=2015122300018100&ccrCnntSysDsCd=03&uppAisTpCd=06&aisTpCd=10
LH_lease_827,1638,영구임대,김포마송6(B-3BL) 영구임대주택 예비입주자 모집 공고,경기도,2025.05.26,2025.06.13,접수마감,21361,https://apply.lh.or.kr/lhapply/apply/wt/wrtanc/selectWrtancInfo.do?mi=1026&panId=2015122300018112&ccrCnntSysDsCd=03&uppAisTpCd=06&aisTpCd=09
LH_lease_831,1643,매입임대,[경기남부지역본부]2025년 다자녀 매입임대 예비입주자 모집공고,경기도,2025.05.27,2025.06.11,접수마감,28913,https://apply.lh.or.kr/lhapply/apply/wt/wrtanc/selectWrtancInfo.do?mi=1026&panId=2015122300018145&ccrCnntSysDsCd=03&uppAisTpCd=13&aisTpCd=26
LH_lease_836,1658,매입임대,[서울지역본부] 다자녀 매입임대주택 예비입주자 모집공고,서울특별시,2025.05.28,2025.06.11,접수마감,20260,https://apply.lh.or.kr/lhapply/apply/wt/wrtanc/selectWrtancInfo.do?mi=1026&panId=2015122300018156&ccrCnntSysDsCd=03&uppAisTpCd=13&aisTpCd=26
LH_lease_839,1666,행복주택(신혼희망),[정정공고]시흥시 신혼희망타운 예비입주자 입주자격 완화 모집(2025.05.20),경기도,2025.05.28,2025.06.05,접수마감,17593,https://apply.lh.or.kr/lhapply/apply/wt/wrtanc/selectWrtancInfo.do?mi=1026&panId=2015122300018171&ccrCnntSysDsCd=03&uppAisTpCd=39&aisTpCd=42
LH_lease_841,1673,행복주택,"양주시, 동두천시 행복주택 상시모집[선착순동호지정, 입주자격완화, 선계약후검증]",경기도,2025.05.28,2025.12.31,공고중,80096,https://apply.lh.or.kr/lhapply/apply/wt/wrtanc/selectWrtancInfo.do?mi=1026&panId=2015122300018161&ccrCnntSysDsCd=03&uppAisTpCd=06&aisTpCd=10
LH_lease_842,1674,행복주택,[신규모집]부천원종 A2블록 행복주택 입주자모집,경기도,2025.05.28,2025.06.12,접수마감,99146,https://apply.lh.or.kr/lhapply/apply/wt/wrtanc/selectWrtancInfo.do?mi=1026&panId=2015122300018170&ccrCnntSysDsCd=03&uppAisTpCd=06&aisTpCd=10
LH_lease_843,1675,행복주택,양주회천 A-15BL 행복주택 입주자격완화 추가 및 예비 입주자 모집공고,경기도,2025.05.28,2025.06.12,접수마감,42712,https://apply.lh.or.kr/lhapply/apply/wt/wrtanc/selectWrtancInfo.do?mi=1026&panId=2015122300018162&ccrCnntSysDsCd=03&uppAisTpCd=06&aisTpCd=10
LH_lease_846,1685,행복주택,의정부시 행복주택 예비입주자 모집 공고,경기도,2025.05.29,2025.06.13,접수마감,39219,https://apply.lh.or.kr/lhapply/apply/wt/wrtanc/selectWrtancInfo.do?mi=1026&panId=2015122300018146&ccrCnntSysDsCd=03&uppAisTpCd=06&aisTpCd=10
LH_lease_847,1688,행복주택(신혼희망),의정부고산 S-6블록 신혼희망타운 행복주택 입주자격완화 예비입주자 모집 공고,경기도,2025.05.29,2025.06.13,접수마감,21220,https://apply.lh.or.kr/lhapply/apply/wt/wrtanc/selectWrtancInfo.do?mi=1026&panId=2015122300018147&ccrCnntSysDsCd=03&uppAisTpCd=39&aisTpCd=42
LH_lease_856,1713,공공임대,평택시.안성시 지역 10년 공공임대주택 예비입주자 모집공고(2025.05.30),경기도,2025.05.30,2025.06.18,접수마감,29871,https://apply.lh.or.kr/lhapply/apply/wt/wrtanc/selectWrtancInfo.do?mi=1026&panId=0000060881&ccrCnntSysDsCd=02&uppAisTpCd=06&aisTpCd=08
LH_lease_857,1714,행복주택(신혼희망),디아크리온강남(수서역세권A3BL) 신혼희망타운 행복주택 예비입주자 모집[주거약자용],서울특별시,2025.05.30,2025.06.11,접수마감,55378,https://apply.lh.or.kr/lhapply/apply/wt/wrtanc/selectWrtancInfo.do?mi=1026&panId=2015122300018158&ccrCnntSysDsCd=03&uppAisTpCd=39&aisTpCd=42
LH_lease_858,1715,행복주택,평택시 지역 행복주택 입주자격완화 예비입주자모집(2025.05.30),경기도,2025.05.30,2025.06.17,접수마감,69721,https://apply.lh.or.kr/lhapply/apply/wt/wrtanc/selectWrtancInfo.do?mi=1026&panId=2015122300018183&ccrCnntSysDsCd=03&uppAisTpCd=06&aisTpCd=10
LH_lease_863,1734,국민임대,화성시 동탄지역 국민임대주택 예비입주자 모집 공고('25.06.04.),경기도,2025.06.04,2025.06.19,접수마감,38717,https://apply.lh.or.kr/lhapply/apply/wt/wrtanc/selectWrtancInfo.do?mi=1026&panId=2015122300018164&ccrCnntSysDsCd=03&uppAisTpCd=06&aisTpCd=07
LH_lease_866,1748,국민임대,[정정공고]화성시 동탄지역 국민임대주택 예비입주자 모집 공고('25.06.04.),경기도,2025.06.05,2025.06.19,접수마감,115579,https://apply.lh.or.kr/lhapply/apply/wt/wrtanc/selectWrtancInfo.do?mi=1026&panId=2015122300018204&ccrCnntSysDsCd=03&uppAisTpCd=06&aisTpCd=07
LH_lease_867,1749,행복주택,용인시 및 이천시 행복주택 예비입주자 모집,경기도,2025.06.05,2025.06.19,접수마감,76122,https://apply.lh.or.kr/lhapply/apply/wt/wrtanc/selectWrtancInfo.do?mi=1026&panId=2015122300018121&ccrCnntSysDsCd=03&uppAisTpCd=06&aisTpCd=10
LH_lease_868,1750,행복주택,"서울공릉,양원S1BL 행복주택 예비입주자 모집공고",서울특별시,2025.06.05,2025.06.20,접수마감,188515,https://apply.lh.or.kr/lhapply/apply/wt/wrtanc/selectWrtancInfo.do?mi=1026&panId=2015122300018172&ccrCnntSysDsCd=03&uppAisTpCd=06&aisTpCd=10
LH_lease_869,1751,행복주택(신혼희망),서울양원S2BL 신혼희망타운 행복주택 예비입주자 모집공고,서울특별시,2025.06.05,2025.06.20,접수마감,83982,https://apply.lh.or.kr/lhapply/apply/wt/wrtanc/selectWrtancInfo.do?mi=1026&panId=2015122300018173&ccrCnntSysDsCd=03&uppAisTpCd=39&aisTpCd=42
LH_lease_870,1752,행복주택,수원당수 A-2블록 행복주택 입주자격완화 예비입주자 모집(25.06.09),경기도,2025.06.09,2025.06.25,접수마감,123129,https://apply.lh.or.kr/lhapply/apply/wt/wrtanc/selectWrtancInfo.do?mi=1026&panId=2015122300018187&ccrCnntSysDsCd=03&uppAisTpCd=06&aisTpCd=10
LH_lease_873,1766,매입임대,[정정공고][서울지역본부] 다자녀 매입임대주택 예비입주자 모집공고,서울특별시,2025.06.09,2025.06.11,접수마감,12273,https://apply.lh.or.kr/lhapply/apply/wt/wrtanc/selectWrtancInfo.do?mi=1026&panId=2015122300018207&ccrCnntSysDsCd=03&uppAisTpCd=13&aisTpCd=26
LH_lease_874,1767,행복주택,김포시 행복주택 입주자격완화 예비입주자 모집[선계약후검증],경기도,2025.06.09,2025.06.25,접수마감,79391,https://apply.lh.or.kr/lhapply/apply/wt/wrtanc/selectWrtancInfo.do?mi=1026&panId=2015122300018205&ccrCnntSysDsCd=03&uppAisTpCd=06&aisTpCd=10
LH_lease_876,1781,공공임대,[정정공고]평택시.안성시 지역 10년 공공임대주택 예비입주자 모집공고(2025.05.30),경기도,2025.06.10,2025.06.18,접수마감,37315,https://apply.lh.or.kr/lhapply/apply/wt/wrtanc/selectWrtancInfo.do?mi=1026&panId=0000060897&ccrCnntSysDsCd=02&uppAisTpCd=06&aisTpCd=08
LH_lease_879,1785,행복주택,"양주회천 A10(2)BL 입주자격완화 추가 및 예비 입주자 모집공고(소득·자산요건 배제, 무주택요건 완화)",경기도,2025.06.10,2025.06.25,접수마감,42472,https://apply.lh.or.kr/lhapply/apply/wt/wrtanc/selectWrtancInfo.do?mi=1026&panId=2015122300018212&ccrCnntSysDsCd=03&uppAisTpCd=06&aisTpCd=10
LH_lease_884,1798,행복주택,[정정공고]의정부시 행복주택 예비입주자 모집 공고,경기도,2025.06.11,2025.06.13,접수마감,26676,https://apply.lh.or.kr/lhapply/apply/wt/wrtanc/selectWrtancInfo.do?mi=1026&panId=2015122300018220&ccrCnntSysDsCd=03&uppAisTpCd=06&aisTpCd=10
LH_lease_895,1830,국민임대,평택고덕 A-58블록 국민임대주택 예비입주자 모집(25.06.17),경기도,2025.06.17,2025.07.03,접수마감,57222,https://apply.lh.or.kr/lhapply/apply/wt/wrtanc/selectWrtancInfo.do?mi=1026&panId=2015122300018222&ccrCnntSysDsCd=03&uppAisTpCd=06&aisTpCd=07
LH_lease_896,1831,공공임대,"화성봉담(2) S-1블록, 남양뉴타운 B-6블록 10년 공임(리츠) 예비입주자 모집공고",경기도,2025.06.17,2025.07.01,접수마감,70142,https://apply.lh.or.kr/lhapply/apply/wt/wrtanc/selectWrtancInfo.do?mi=1026&panId=0000060895&ccrCnntSysDsCd=02&uppAisTpCd=06&aisTpCd=08
LH_lease_898,1836,영구임대,의정부고산 S2-2BL 영구임대주택 예비입주자 모집,경기도,2025.06.17,2025.06.27,접수마감,20595,https://apply.lh.or.kr/lhapply/apply/wt/wrtanc/selectWrtancInfo.do?mi=1026&panId=2015122300018199&ccrCnntSysDsCd=03&uppAisTpCd=06&aisTpCd=09
LH_lease_908,1855,가정어린이집,화성비봉 A-3블록 가정어린이집 운영예정자 모집공고,경기도,2025.06.18,2025.07.03,접수마감,4223,https://apply.lh.or.kr/lhapply/apply/wt/wrtanc/selectWrtancInfo.do?mi=1026&panId=2015122300018233&ccrCnntSysDsCd=03&uppAisTpCd=06&aisTpCd=40
LH_lease_912,1863,매입임대,25년 1차 비분양전환형 든든전세 입주자 모집 통합공고,서울특별시 외,2025.06.19,2025.07.02,접수마감,403911,https://apply.lh.or.kr/lhapply/apply/wt/wrtanc/selectWrtancInfo.do?mi=1026&panId=2015122300018118&ccrCnntSysDsCd=03&uppAisTpCd=13&aisTpCd=26
LH_lease_915,1869,행복주택,[서울독산13(광명하안13) 행복주택] 입주자격완화 추가 모집(주거약자),서울특별시,2025.06.19,2025.07.16,접수마감,43744,https://apply.lh.or.kr/lhapply/apply/wt/wrtanc/selectWrtancInfo.do?mi=1026&panId=2015122300018240&ccrCnntSysDsCd=03&uppAisTpCd=06&aisTpCd=10
LH_lease_916,1870,영구임대,[서울독산13(광명하안13) 고령자복지주택(증축영구임대)] 입주자 모집[쉐어형(공유형)주택],서울특별시,2025.06.19,2025.07.03,접수마감,36905,https://apply.lh.or.kr/lhapply/apply/wt/wrtanc/selectWrtancInfo.do?mi=1026&panId=2015122300018241&ccrCnntSysDsCd=03&uppAisTpCd=06&aisTpCd=09
LH_lease_920,1876,행복주택,화성시 관내 중소기업체 근로자 기숙사용 건설임대주택 기업체 추가모집 공고(행복주택),경기도,2025.06.20,2025.07.02,접수마감,10187,https://apply.lh.or.kr/lhapply/apply/wt/wrtanc/selectWrtancInfo.do?mi=1026&panId=2015122300018245&ccrCnntSysDsCd=03&uppAisTpCd=06&aisTpCd=10
LH_lease_921,1877,국민임대,화성시 관내 중소기업체 근로자 기숙사용 건설임대주택 기업체 추가모집 공고(국민임대),경기도,2025.06.20,2025.07.02,접수마감,6957,https://apply.lh.or.kr/lhapply/apply/wt/wrtanc/selectWrtancInfo.do?mi=1026&panId=2015122300018244&ccrCnntSysDsCd=03&uppAisTpCd=06&aisTpCd=07
LH_lease_925,1886,행복주택,[정정공고][서울독산13(광명하안13) 행복주택] 입주자격완화 추가 모집(주거약자),서울특별시,2025.06.23,2025.07.16,접수마감,88301,https://apply.lh.or.kr/lhapply/apply/wt/wrtanc/selectWrtancInfo.do?mi=1026&panId=2015122300018275&ccrCnntSysDsCd=03&uppAisTpCd=06&aisTpCd=10
LH_lease_926,1890,행복주택,부천원종 C1블록 행복주택(일자리연계형 지원주택) 최초 입주자모집,경기도,2025.06.23,2025.07.10,접수마감,68783,https://apply.lh.or.kr/lhapply/apply/wt/wrtanc/selectWrtancInfo.do?mi=1026&panId=2015122300018278&ccrCnntSysDsCd=03&uppAisTpCd=06&aisTpCd=10
LH_lease_932,1907,매입임대,[서울지역본부] 25년 2차 청년 매입임대주택 예비입주자 모집공고,서울특별시,2025.06.26,2025.07.09,접수마감,403046,https://apply.lh.or.kr/lhapply/apply/wt/wrtanc/selectWrtancInfo.do?mi=1026&panId=2015122300018319&ccrCnntSysDsCd=03&uppAisTpCd=13&aisTpCd=26
LH_lease_933,1908,매입임대,[서울지역본부] 25년 2차 신혼·신생아 매입임대Ⅰ 예비입주자 모집공고,서울특별시,2025.06.26,2025.07.09,접수마감,103332,https://apply.lh.or.kr/lhapply/apply/wt/wrtanc/selectWrtancInfo.do?mi=1026&panId=2015122300018304&ccrCnntSysDsCd=03&uppAisTpCd=13&aisTpCd=26
LH_lease_934,1909,매입임대,[서울지역본부] 25년 2차 신혼·신생아 매입임대Ⅱ(전세형) 예비입주자 모집공고,서울특별시,2025.06.26,2025.07.09,접수마감,106372,https://apply.lh.or.kr/lhapply/apply/wt/wrtanc/selectWrtancInfo.do?mi=1026&panId=2015122300018305&ccrCnntSysDsCd=03&uppAisTpCd=13&aisTpCd=26
LH_lease_937,1914,매입임대,[경기북부] 25년 2차 신혼·신생아 매입임대Ⅱ(전세형) 예비입주자 모집 공고,경기도,2025.06.26,2025.07.09,접수마감,70401,https://apply.lh.or.kr/lhapply/apply/wt/wrtanc/selectWrtancInfo.do?mi=1026&panId=2015122300018315&ccrCnntSysDsCd=03&uppAisTpCd=13&aisTpCd=26
LH_lease_938,1915,매입임대,[경기북부] 25년 2차 신혼·신생아 매입임대Ⅰ예비입주자 모집 공고,경기도,2025.06.26,2025.07.09,접수마감,50032,https://apply.lh.or.kr/lhapply/apply/wt/wrtanc/selectWrtancInfo.do?mi=1026&panId=2015122300018314&ccrCnntSysDsCd=03&uppAisTpCd=13&aisTpCd=26
LH_lease_939,1916,매입임대,[경기북부] 25년 2차 기숙사형 청년주택 예비입주자 모집공고,경기도,2025.06.26,2025.07.09,접수마감,28768,https://apply.lh.or.kr/lhapply/apply/wt/wrtanc/selectWrtancInfo.do?mi=1026&panId=2015122300018313&ccrCnntSysDsCd=03&uppAisTpCd=13&aisTpCd=26
LH_lease_940,1917,매입임대,[경기북부] 25년 2차 청년매입임대 예비입주자 모집공고,경기도,2025.06.26,2025.07.09,접수마감,97651,https://apply.lh.or.kr/lhapply/apply/wt/wrtanc/selectWrtancInfo.do?mi=1026&panId=2015122300018312&ccrCnntSysDsCd=03&uppAisTpCd=13&aisTpCd=26
LH_lease_941,1918,매입임대,[경기남부] 25년 2차 신혼·신생아 매입임대주택Ⅰ 예비입주자 모집공고,경기도,2025.06.26,2025.07.09,접수마감,45793,https://apply.lh.or.kr/lhapply/apply/wt/wrtanc/selectWrtancInfo.do?mi=1026&panId=2015122300018295&ccrCnntSysDsCd=03&uppAisTpCd=13&aisTpCd=26
LH_lease_942,1919,매입임대,[경기남부] 25년 2차 청년 매입임대주택 예비입주자 모집공고,경기도,2025.06.26,2025.07.09,접수마감,79313,https://apply.lh.or.kr/lhapply/apply/wt/wrtanc/selectWrtancInfo.do?mi=1026&panId=2015122300018317&ccrCnntSysDsCd=03&uppAisTpCd=13&aisTpCd=26
LH_lease_950,1927,매입임대,[경기 화성·군포·안산·안성시] 25년 1차 기숙사형 청년주택 예비입주자 모집공고,경기도,2025.06.26,2025.07.09,접수마감,33820,https://apply.lh.or.kr/lhapply/apply/wt/wrtanc/selectWrtancInfo.do?mi=1026&panId=2015122300018308&ccrCnntSysDsCd=03&uppAisTpCd=13&aisTpCd=26
LH_lease_953,1930,매입임대,[서울지역본부] 25년 2차 기숙사형 청년주택 예비입주자 모집 공고,서울특별시,2025.06.26,2025.07.09,접수마감,101565,https://apply.lh.or.kr/lhapply/apply/wt/wrtanc/selectWrtancInfo.do?mi=1026&panId=2015122300018321&ccrCnntSysDsCd=03&uppAisTpCd=13&aisTpCd=26
LH_lease_964,1941,영구임대,화성비봉 A-5블록 영구임대주택 입주자격완화 추가모집,경기도,2025.06.26,2025.07.10,접수마감,35596,https://apply.lh.or.kr/lhapply/apply/wt/wrtanc/selectWrtancInfo.do?mi=1026&panId=2015122300018309&ccrCnntSysDsCd=03&uppAisTpCd=06&aisTpCd=09
LH_lease_969,1947,공공임대,과천지식정보타운 S-7블록 10년 공공임대주택 예비입주자 모집공고(2025.06.26),경기도,2025.06.26,2025.07.10,접수마감,56929,https://apply.lh.or.kr/lhapply/apply/wt/wrtanc/selectWrtancInfo.do?mi=1026&panId=0000060902&ccrCnntSysDsCd=02&uppAisTpCd=06&aisTpCd=08
LH_lease_980,1967,매입임대,[경기 안성] 안성맞춤 청년주택 입주자 모집공고,경기도,2025.06.30,2025.07.16,접수마감,14594,https://apply.lh.or.kr/lhapply/apply/wt/wrtanc/selectWrtancInfo.do?mi=1026&panId=2015122300018329&ccrCnntSysDsCd=03&uppAisTpCd=13&aisTpCd=26
LH_lease_981,1968,매입임대,[경기 안성] 안성맞춤 청년주택(기숙사형) 입주자 모집공고,경기도,2025.06.30,2025.07.18,접수마감,6345,https://apply.lh.or.kr/lhapply/apply/wt/wrtanc/selectWrtancInfo.do?mi=1026&panId=2015122300018330&ccrCnntSysDsCd=03&uppAisTpCd=13&aisTpCd=26
LH_lease_987,1978,통합공공임대,과천지식정보타운 S-10BL 통합공공임대주택 예비입주자 모집공고,경기도,2025.06.30,2025.07.16,접수마감,125879,https://apply.lh.or.kr/lhapply/apply/wt/wrtanc/selectWrtancInfo.do?mi=1026&panId=2015122300018335&ccrCnntSysDsCd=03&uppAisTpCd=06&aisTpCd=48
LH_lease_989,1981,공공임대,[정정공고]과천지식정보타운 S-7블록 10년 공공임대주택 예비입주자 모집공고(2025.06.26),경기도,2025.06.30,2025.07.10,접수마감,139798,https://apply.lh.or.kr/lhapply/apply/wt/wrtanc/selectWrtancInfo.do?mi=1026&panId=0000060909&ccrCnntSysDsCd=02&uppAisTpCd=06&aisTpCd=08
LH_lease_990,1989,공공임대,의정부송산3단지 50년 공공임대 예비입주자 모집,경기도,2025.07.01,2025.07.15,접수마감,9986,https://apply.lh.or.kr/lhapply/apply/wt/wrtanc/selectWrtancInfo.do?mi=1026&panId=2015122300018336&ccrCnntSysDsCd=03&uppAisTpCd=06&aisTpCd=08
LH_lease_991,1990,매입임대,[정정공고]25년 1차 비분양전환형 든든전세 입주자 모집 통합공고,서울특별시 외,2025.07.01,2025.07.02,접수마감,127294,https://apply.lh.or.kr/lhapply/apply/wt/wrtanc/selectWrtancInfo.do?mi=1026&panId=2015122300018340&ccrCnntSysDsCd=03&uppAisTpCd=13&aisTpCd=26
LH_lease_992,1992,공공임대,[정정공고]의정부송산3단지 50년 공공임대 예비입주자 모집,경기도,2025.07.01,2025.07.15,접수마감,25166,https://apply.lh.or.kr/lhapply/apply/wt/wrtanc/selectWrtancInfo.do?mi=1026&panId=2015122300018342&ccrCnntSysDsCd=03&uppAisTpCd=06&aisTpCd=08
LH_lease_996,2007,매입임대,[정정공고][경기남부] 25년 2차 청년 매입임대주택 예비입주자 모집공고,경기도,2025.07.02,2025.07.09,접수마감,133434,https://apply.lh.or.kr/lhapply/apply/wt/wrtanc/selectWrtancInfo.do?mi=1026&panId=2015122300018347&ccrCnntSysDsCd=03&uppAisTpCd=13&aisTpCd=26
LH_lease_998,2010,매입임대,[정정공고][경기남부] 25년 2차 신혼·신생아 매입임대주택Ⅰ 예비입주자 모집공고,경기도,2025.07.02,2025.07.09,접수마감,93275,https://apply.lh.or.kr/lhapply/apply/wt/wrtanc/selectWrtancInfo.do?mi=1026&panId=2015122300018354&ccrCnntSysDsCd=03&uppAisTpCd=13&aisTpCd=26
LH_lease_1002,2021,행복주택,[정정공고]수원시 지역 행복주택 예비입주자 모집 공고(2025.07.03.),경기도,2025.07.03,2025.07.18,접수마감,51000,https://apply.lh.or.kr/lhapply/apply/wt/wrtanc/selectWrtancInfo.do?mi=1026&panId=2015122300018448&ccrCnntSysDsCd=03&uppAisTpCd=06&aisTpCd=10
LH_lease_1003,2022,영구임대,"파주운정3 A34BL(초롱꽃3) 영구임대주택 입주자격완화 추가 및 예비입주자 모집(소득·자산요건 배제, 무주택요건 완화)",경기도,2025.07.03,2025.07.23,접수마감,40687,https://apply.lh.or.kr/lhapply/apply/wt/wrtanc/selectWrtancInfo.do?mi=1026&panId=2015122300018360&ccrCnntSysDsCd=03&uppAisTpCd=06&aisTpCd=09
LH_lease_1004,2026,행복주택,수원시 지역 행복주택 예비입주자 모집 공고(2025.07.03.),경기도,2025.07.03,2025.07.18,접수마감,108105,https://apply.lh.or.kr/lhapply/apply/wt/wrtanc/selectWrtancInfo.do?mi=1026&panId=2015122300018338&ccrCnntSysDsCd=03&uppAisTpCd=06&aisTpCd=10
LH_lease_1005,2027,집주인임대,[서울지역본부] 집주인 임대주택 예비입주자 모집공고(건설개량형),서울특별시,2025.07.03,2025.07.16,접수마감,101626,https://apply.lh.or.kr/lhapply/apply/wt/wrtanc/selectWrtancInfo.do?mi=1026&panId=2015122300018358&ccrCnntSysDsCd=03&uppAisTpCd=13&aisTpCd=36
LH_lease_1011,2035,국민임대,포천송우4단지 국민임대주택 예비입주자 모집공고(2025.7.7.),경기도,2025.07.07,2025.07.23,접수마감,5492,https://apply.lh.or.kr/lhapply/apply/wt/wrtanc/selectWrtancInfo.do?mi=1026&panId=2015122300018373&ccrCnntSysDsCd=03&uppAisTpCd=06&aisTpCd=07
LH_lease_1014,2039,국민임대,김포시 국민임대주택 입주자격완화 예비입주자 모집 공고,경기도,2025.07.07,2025.07.25,접수마감,55246,https://apply.lh.or.kr/lhapply/apply/wt/wrtanc/selectWrtancInfo.do?mi=1026&panId=2015122300018370&ccrCnntSysDsCd=03&uppAisTpCd=06&aisTpCd=07
LH_lease_1015,2040,국민임대,[정정공고]포천송우4단지 국민임대주택 예비입주자 모집공고(2025.7.7.),경기도,2025.07.07,2025.07.23,접수마감,7951,https://apply.lh.or.kr/lhapply/apply/wt/wrtanc/selectWrtancInfo.do?mi=1026&panId=2015122300018379&ccrCnntSysDsCd=03&uppAisTpCd=06&aisTpCd=07
LH_lease_1018,2043,국민임대,평택안중2 국민임대주택 예비입주자모집(2025.07.07공고분),경기도,2025.07.07,2025.07.23,접수마감,12391,https://apply.lh.or.kr/lhapply/apply/wt/wrtanc/selectWrtancInfo.do?mi=1026&panId=2015122300018372&ccrCnntSysDsCd=03&uppAisTpCd=06&aisTpCd=07
LH_lease_1019,2044,국민임대,용인구갈8 국민임대주택 예비입주자 모집,경기도,2025.07.07,2025.07.24,접수마감,33955,https://apply.lh.or.kr/lhapply/apply/wt/wrtanc/selectWrtancInfo.do?mi=1026&panId=2015122300018371&ccrCnntSysDsCd=03&uppAisTpCd=06&aisTpCd=07
LH_lease_1022,2048,국민임대,평택시 지역 국민임대주택 입주자격완화 예비입주자 모집(2025.7.7공고),경기도,2025.07.07,2025.07.23,접수마감,42449,https://apply.lh.or.kr/lhapply/apply/wt/wrtanc/selectWrtancInfo.do?mi=1026&panId=2015122300018368&ccrCnntSysDsCd=03&uppAisTpCd=06&aisTpCd=07
LH_lease_1023,2049,국민임대,파주시 국민임대 예비입주자 자격완화 모집공고('25.7.7.),경기도,2025.07.07,2025.07.23,접수마감,13780,https://apply.lh.or.kr/lhapply/apply/wt/wrtanc/selectWrtancInfo.do?mi=1026&panId=2015122300018323&ccrCnntSysDsCd=03&uppAisTpCd=06&aisTpCd=07
LH_lease_1024,2050,국민임대,오산세교2 21단지 국민임대주택 예비입주자 모집공고(2025.07.07),경기도,2025.07.07,2025.07.23,접수마감,44252,https://apply.lh.or.kr/lhapply/apply/wt/wrtanc/selectWrtancInfo.do?mi=1026&panId=2015122300018357&ccrCnntSysDsCd=03&uppAisTpCd=06&aisTpCd=07
LH_lease_1025,2051,국민임대,광명시 국민임대주택 예비입주자 모집(2025.07.07),경기도,2025.07.07,2025.07.24,접수마감,73757,https://apply.lh.or.kr/lhapply/apply/wt/wrtanc/selectWrtancInfo.do?mi=1026&panId=2015122300018341&ccrCnntSysDsCd=03&uppAisTpCd=06&aisTpCd=07
LH_lease_1027,2053,국민임대,용인시 및 이천시 지역 국민임대주택 예비입주자 모집,경기도,2025.07.07,2025.07.24,접수마감,83292,https://apply.lh.or.kr/lhapply/apply/wt/wrtanc/selectWrtancInfo.do?mi=1026&panId=2015122300018320&ccrCnntSysDsCd=03&uppAisTpCd=06&aisTpCd=07
LH_lease_1028,2056,국민임대,[정정공고]파주시 국민임대 예비입주자 자격완화 모집공고('25.7.7.),경기도,2025.07.07,2025.07.23,접수마감,47118,https://apply.lh.or.kr/lhapply/apply/wt/wrtanc/selectWrtancInfo.do?mi=1026&panId=2015122300018386&ccrCnntSysDsCd=03&uppAisTpCd=06&aisTpCd=07
LH_lease_1030,2060,행복주택(신혼희망),평택고덕 A-53블록 신혼희망타운 행복주택 입주자격완화 추가모집,경기도,2025.07.08,2025.07.23,접수마감,27485,https://apply.lh.or.kr/lhapply/apply/wt/wrtanc/selectWrtancInfo.do?mi=1026&panId=2015122300018376&ccrCnntSysDsCd=03&uppAisTpCd=39&aisTpCd=42
LH_lease_1034,2065,행복주택,여주역세권 행복주택 예비입주자 모집,경기도,2025.07.08,2025.07.24,접수마감,22519,https://apply.lh.or.kr/lhapply/apply/wt/wrtanc/selectWrtancInfo.do?mi=1026&panId=2015122300018284&ccrCnntSysDsCd=03&uppAisTpCd=06&aisTpCd=10
LH_lease_1035,2067,행복주택(신혼희망),파주시 신혼희망타운 행복주택 예비입주자 모집공고('25.7.8.),경기도,2025.07.08,2025.07.23,접수마감,34769,https://apply.lh.or.kr/lhapply/apply/wt/wrtanc/selectWrtancInfo.do?mi=1026&panId=2015122300018346&ccrCnntSysDsCd=03&uppAisTpCd=39&aisTpCd=42
LH_lease_1036,2068,행복주택,파주시 행복주택 예비입주자 자격완화 모집공고('25.7.8.),경기도,2025.07.08,2025.07.23,접수마감,62151,https://apply.lh.or.kr/lhapply/apply/wt/wrtanc/selectWrtancInfo.do?mi=1026&panId=2015122300018352&ccrCnntSysDsCd=03&uppAisTpCd=06&aisTpCd=10
LH_lease_1039,2072,행복주택(신혼희망),"과천지식정보타운 S-7, S-8 신혼희망타운 행복주택 예비입주자 모집",경기도,2025.07.09,2025.07.22,접수마감,13108,https://apply.lh.or.kr/lhapply/apply/wt/wrtanc/selectWrtancInfo.do?mi=1026&panId=2015122300018388&ccrCnntSysDsCd=03&uppAisTpCd=39&aisTpCd=42
LH_lease_1040,2074,행복주택(신혼희망),"[정정공고]과천지식정보타운 S-7, S-8 신혼희망타운 행복주택 예비입주자 모집",경기도,2025.07.09,2025.07.22,접수마감,67576,https://apply.lh.or.kr/lhapply/apply/wt/wrtanc/selectWrtancInfo.do?mi=1026&panId=2015122300018404&ccrCnntSysDsCd=03&uppAisTpCd=39&aisTpCd=42
LH_lease_1047,2091,행복주택,평택시 지역 행복주택 입주자격완화 예비입주자모집(25.7.10),경기도,2025.07.10,2025.07.24,접수마감,24909,https://apply.lh.or.kr/lhapply/apply/wt/wrtanc/selectWrtancInfo.do?mi=1026&panId=2015122300018399&ccrCnntSysDsCd=03&uppAisTpCd=06&aisTpCd=10
LH_lease_1061,2123,행복주택,[정정공고]평택시 지역 행복주택 입주자격완화 예비입주자모집(25.7.10),경기도,2025.07.15,2025.07.24,접수마감,31150,https://apply.lh.or.kr/lhapply/apply/wt/wrtanc/selectWrtancInfo.do?mi=1026&panId=2015122300018463&ccrCnntSysDsCd=03&uppAisTpCd=06&aisTpCd=10
LH_lease_1113,2183,행복주택,"서울삼전, 잠실, LH수서1, LH수서2, 강동천호 행복주택 예비입주자 모집공고",서울특별시,2025.07.16,2025.07.29,접수마감,321433,https://apply.lh.or.kr/lhapply/apply/wt/wrtanc/selectWrtancInfo.do?mi=1026&panId=2015122300018470&ccrCnntSysDsCd=03&uppAisTpCd=06&aisTpCd=10
LH_lease_1116,2188,공공임대,서울신림1단지 50년 공공임대 예비입주자 모집,서울특별시,2025.07.17,2025.07.30,접수마감,36902,https://apply.lh.or.kr/lhapply/apply/wt/wrtanc/selectWrtancInfo.do?mi=1026&panId=2015122300018455&ccrCnntSysDsCd=03&uppAisTpCd=06&aisTpCd=08
LH_lease_1119,2196,공공임대,[정정공고][정정공고]서울신림1단지 50년 공공임대 예비입주자 모집,서울특별시,2025.07.17,2025.07.30,접수마감,97972,https://apply.lh.or.kr/lhapply/apply/wt/wrtanc/selectWrtancInfo.do?mi=1026&panId=2015122300018490&ccrCnntSysDsCd=03&uppAisTpCd=06&aisTpCd=08
LH_lease_1127,2207,매입임대,[청년신혼부부매입임대리츠] 경기남부지역 입주자 모집,경기도,2025.07.21,2025.08.07,접수마감,128731,https://apply.lh.or.kr/lhapply/apply/wt/wrtanc/selectWrtancInfo.do?mi=1026&panId=2015122300018491&ccrCnntSysDsCd=03&uppAisTpCd=13&aisTpCd=26
LH_lease_1135,2215,매입임대,[청년신혼부부매입임대리츠] 경기북부지역 입주자 모집,경기도,2025.07.21,2025.08.07,접수마감,79473,https://apply.lh.or.kr/lhapply/apply/wt/wrtanc/selectWrtancInfo.do?mi=1026&panId=2015122300018502&ccrCnntSysDsCd=03&uppAisTpCd=13&aisTpCd=26
LH_lease_1136,2216,매입임대,[청년신혼부부매입임대리츠] 서울지역 입주자 모집,서울특별시,2025.07.21,2025.08.07,접수마감,170613,https://apply.lh.or.kr/lhapply/apply/wt/wrtanc/selectWrtancInfo.do?mi=1026&panId=2015122300018497&ccrCnntSysDsCd=03&uppAisTpCd=13&aisTpCd=26
LH_lease_1149,2247,국민임대,[정정공고]광명시 국민임대주택 예비입주자 모집(2025.07.07),경기도,2025.07.23,2025.07.24,접수마감,15855,https://apply.lh.or.kr/lhapply/apply/wt/wrtanc/selectWrtancInfo.do?mi=1026&panId=2015122300018520&ccrCnntSysDsCd=03&uppAisTpCd=06&aisTpCd=07
LH_lease_1162,2272,행복주택(신혼희망),화성시 신혼희망타운 행복주택 입주자격완화 예비입주자 모집,경기도,2025.07.28,2025.08.13,접수마감,60440,https://apply.lh.or.kr/lhapply/apply/wt/wrtanc/selectWrtancInfo.do?mi=1026&panId=2015122300018473&ccrCnntSysDsCd=03&uppAisTpCd=39&aisTpCd=42
LH_lease_1168,2288,국민임대,양주시 국민임대 선착순 동호지정 상시모집 공고,경기도,2025.07.30,2025.08.22,접수마감,77618,https://apply.lh.or.kr/lhapply/apply/wt/wrtanc/selectWrtancInfo.do?mi=1026&panId=2015122300018537&ccrCnntSysDsCd=03&uppAisTpCd=06&aisTpCd=07
LH_lease_1169,2291,6년 공공임대주택,화성동탄2 C-14블록 6년 분양전환공공임대주택 입주자모집공고,경기도,2025.07.31,2025.08.19,접수마감,179336,https://apply.lh.or.kr/lhapply/apply/wt/wrtanc/selectWrtancInfo.do?mi=1026&panId=0000060923&ccrCnntSysDsCd=02&uppAisTpCd=06&aisTpCd=52
LH_lease_1172,2294,행복주택,화성발안 A-1블록 행복주택 입주자격완화 예비입주자 모집,경기도,2025.07.31,2025.08.13,접수마감,33983,https://apply.lh.or.kr/lhapply/apply/wt/wrtanc/selectWrtancInfo.do?mi=1026&panId=2015122300018500&ccrCnntSysDsCd=03&uppAisTpCd=06&aisTpCd=10
LH_lease_1173,2295,공공임대,성남지역 5년/10년 공공임대주택 예비입주자 모집 공고(2025.07.31),경기도,2025.07.31,2025.08.11,접수마감,110748,https://apply.lh.or.kr/lhapply/apply/wt/wrtanc/selectWrtancInfo.do?mi=1026&panId=0000060924&ccrCnntSysDsCd=02&uppAisTpCd=06&aisTpCd=08
LH_lease_1174,2296,행복주택(신혼희망),시흥시 신혼희망타운 행복주택 예비입주자 모집,경기도,2025.07.31,2025.08.13,접수마감,12719,https://apply.lh.or.kr/lhapply/apply/wt/wrtanc/selectWrtancInfo.do?mi=1026&panId=2015122300018550&ccrCnntSysDsCd=03&uppAisTpCd=39&aisTpCd=42
LH_lease_1175,2298,행복주택,화성동탄지구내 행복주택(773호) 입주자격완화 대기자 모집공고,경기도,2025.07.31,2025.08.13,접수마감,49344,https://apply.lh.or.kr/lhapply/apply/wt/wrtanc/selectWrtancInfo.do?mi=1026&panId=2015122300018534&ccrCnntSysDsCd=03&uppAisTpCd=06&aisTpCd=10
LH_lease_1176,2299,행복주택,시흥시 행복주택 예비입주자 모집(2025.07.31),경기도,2025.07.31,2025.08.13,접수마감,20601,https://apply.lh.or.kr/lhapply/apply/wt/wrtanc/selectWrtancInfo.do?mi=1026&panId=2015122300018549&ccrCnntSysDsCd=03&uppAisTpCd=06&aisTpCd=10
LH_lease_1178,2310,행복주택,[정정공고]시흥시 행복주택 예비입주자 모집(2025.07.31),경기도,2025.08.01,2025.08.13,접수마감,65980,https://apply.lh.or.kr/lhapply/apply/wt/wrtanc/selectWrtancInfo.do?mi=1026&panId=2015122300018553&ccrCnntSysDsCd=03&uppAisTpCd=06&aisTpCd=10
LH_lease_1179,2311,행복주택(신혼희망),[정정공고]시흥시 신혼희망타운 행복주택 예비입주자 모집,경기도,2025.08.01,2025.08.13,접수마감,36937,https://apply.lh.or.kr/lhapply/apply/wt/wrtanc/selectWrtancInfo.do?mi=1026&panId=2015122300018552&ccrCnntSysDsCd=03&uppAisTpCd=39&aisTpCd=42
LH_lease_1182,2318,행복주택,병점복합타운 A1블록 행복주택 입주자격완화 예비입주자 모집,경기도,2025.08.01,2025.08.13,접수마감,90688,https://apply.lh.or.kr/lhapply/apply/wt/wrtanc/selectWrtancInfo.do?mi=1026&panId=2015122300018544&ccrCnntSysDsCd=03&uppAisTpCd=06&aisTpCd=10
LH_lease_1185,2326,영구임대,파주운정3 A37BL(물향기1) 영구임대주택 입주자격완화 예비입주자 모집('25.8.4),경기도,2025.08.04,2025.08.20,접수마감,42544,https://apply.lh.or.kr/lhapply/apply/wt/wrtanc/selectWrtancInfo.do?mi=1026&panId=2015122300018556&ccrCnntSysDsCd=03&uppAisTpCd=06&aisTpCd=09
LH_lease_1200,2355,행복주택,[정정공고]화성동탄지구내 행복주택(773호) 입주자격완화 대기자 모집공고,경기도,2025.08.08,2025.08.13,접수마감,72136,https://apply.lh.or.kr/lhapply/apply/wt/wrtanc/selectWrtancInfo.do?mi=1026&panId=2015122300018562&ccrCnntSysDsCd=03&uppAisTpCd=06&aisTpCd=10
LH_lease_1210,2367,영구임대,평택시 지역 영구임대주택 예비입주자 모집(2025.08.11),경기도,2025.08.11,2025.08.29,접수마감,12605,https://apply.lh.or.kr/lhapply/apply/wt/wrtanc/selectWrtancInfo.do?mi=1026&panId=2015122300018567&ccrCnntSysDsCd=03&uppAisTpCd=06&aisTpCd=09
LH_lease_1211,2368,공공임대,파주운정A20BL(산내2) 10년 공공임대주택리츠 예비입주자모집(무순위),경기도,2025.08.11,2025.08.26,접수마감,50696,https://apply.lh.or.kr/lhapply/apply/wt/wrtanc/selectWrtancInfo.do?mi=1026&panId=0000060941&ccrCnntSysDsCd=02&uppAisTpCd=06&aisTpCd=08
LH_lease_1212,2369,공공임대,파주운정A4BL(별하람3) 10년 공공임대주택리츠 예비입주자 모집(무순위),경기도,2025.08.11,2025.08.26,접수마감,50500,https://apply.lh.or.kr/lhapply/apply/wt/wrtanc/selectWrtancInfo.do?mi=1026&panId=0000060940&ccrCnntSysDsCd=02&uppAisTpCd=06&aisTpCd=08
LH_lease_1213,2370,공공임대,파주운정A12BL(해오름12) 10년 공공임대주택리츠 예비입주자모집(무순위),경기도,2025.08.11,2025.08.26,접수마감,46835,https://apply.lh.or.kr/lhapply/apply/wt/wrtanc/selectWrtancInfo.do?mi=1026&panId=0000060942&ccrCnntSysDsCd=02&uppAisTpCd=06&aisTpCd=08
LH_lease_1214,2371,영구임대,[정정공고]평택시 지역 영구임대주택 예비입주자 모집(2025.08.11),경기도,2025.08.12,2025.08.29,접수마감,11685,https://apply.lh.or.kr/lhapply/apply/wt/wrtanc/selectWrtancInfo.do?mi=1026&panId=2015122300018589&ccrCnntSysDsCd=03&uppAisTpCd=06&aisTpCd=09
LH_lease_1228,2388,영구임대,[정정공고]평택시 지역 영구임대주택 예비입주자 모집(2025.08.11),경기도,2025.08.14,2025.08.29,접수마감,30325,https://apply.lh.or.kr/lhapply/apply/wt/wrtanc/selectWrtancInfo.do?mi=1026&panId=2015122300018595&ccrCnntSysDsCd=03&uppAisTpCd=06&aisTpCd=09
LH_lease_1229,2392,공공임대,의정부지역 10년 공공임대주택 예비입주자모집 공고(무순위),경기도,2025.08.18,2025.08.28,접수마감,72857,https://apply.lh.or.kr/lhapply/apply/wt/wrtanc/selectWrtancInfo.do?mi=1026&panId=0000060894&ccrCnntSysDsCd=02&uppAisTpCd=06&aisTpCd=08
LH_lease_1233,2400,매입임대,[수원시]수원시 역세권 새빛 청년존(Zone) 3호 예비입주자 모집공고,경기도,2025.08.20,2025.09.05,접수마감,73687,https://apply.lh.or.kr/lhapply/apply/wt/wrtanc/selectWrtancInfo.do?mi=1026&panId=2015122300018604&ccrCnntSysDsCd=03&uppAisTpCd=13&aisTpCd=26
LH_lease_1240,2416,행복주택,김포시 행복주택 입주자격완화 예비입주자 모집(2025.08.21.),경기도,2025.08.21,2025.09.05,접수마감,82426,https://apply.lh.or.kr/lhapply/apply/wt/wrtanc/selectWrtancInfo.do?mi=1026&panId=2015122300018616&ccrCnntSysDsCd=03&uppAisTpCd=06&aisTpCd=10
LH_lease_1241,2417,행복주택(신혼희망),남양주별내A25BL(퍼스트포레)신혼희망타운 행복주택 예비입주자모집(25.08.21),경기도,2025.08.21,2025.09.04,접수마감,21798,https://apply.lh.or.kr/lhapply/apply/wt/wrtanc/selectWrtancInfo.do?mi=1026&panId=2015122300018615&ccrCnntSysDsCd=03&uppAisTpCd=39&aisTpCd=42
LH_lease_1242,2418,행복주택,남양주시 행복주택 예비입주자모집(25.8.21공고),경기도,2025.08.21,2025.09.04,접수마감,27060,https://apply.lh.or.kr/lhapply/apply/wt/wrtanc/selectWrtancInfo.do?mi=1026&panId=2015122300018617&ccrCnntSysDsCd=03&uppAisTpCd=06&aisTpCd=10
LH_lease_1243,2419,행복주택,남양주장현 2BL 행복주택 예비입주자 모집공고(자격완화)(25.08.21공고),경기도,2025.08.21,2025.09.04,접수마감,28052,https://apply.lh.or.kr/lhapply/apply/wt/wrtanc/selectWrtancInfo.do?mi=1026&panId=2015122300018614&ccrCnntSysDsCd=03&uppAisTpCd=06&aisTpCd=10
LH_lease_1244,2420,행복주택,서울휘경 행복주택 예비입주자 모집공고,서울특별시,2025.08.21,2025.09.04,접수마감,84665,https://apply.lh.or.kr/lhapply/apply/wt/wrtanc/selectWrtancInfo.do?mi=1026&panId=2015122300018607&ccrCnntSysDsCd=03&uppAisTpCd=06&aisTpCd=10
LH_lease_1245,2421,행복주택,서울금천 행복주택(산업단지형) 예비입주자 모집공고,서울특별시,2025.08.21,2025.09.03,접수마감,47261,https://apply.lh.or.kr/lhapply/apply/wt/wrtanc/selectWrtancInfo.do?mi=1026&panId=2015122300018605&ccrCnntSysDsCd=03&uppAisTpCd=06&aisTpCd=10
LH_lease_1247,2424,행복주택,서울번동3 행복주택 예비입주자 모집,서울특별시,2025.08.22,2025.09.05,접수마감,45155,https://apply.lh.or.kr/lhapply/apply/wt/wrtanc/selectWrtancInfo.do?mi=1026&panId=2015122300018599&ccrCnntSysDsCd=03&uppAisTpCd=06&aisTpCd=10
LH_lease_1248,2425,행복주택,파주운정3 A47BL 행복주택 입주자격완화 추가 및 예비 입주자 모집공고,경기도,2025.08.22,2025.09.04,접수마감,77151,https://apply.lh.or.kr/lhapply/apply/wt/wrtanc/selectWrtancInfo.do?mi=1026&panId=2015122300018575&ccrCnntSysDsCd=03&uppAisTpCd=06&aisTpCd=10
LH_lease_1251,2428,행복주택,[정정공고]서울번동3 행복주택 예비입주자 모집(정정공고),서울특별시,2025.08.25,2025.09.05,접수마감,86047,https://apply.lh.or.kr/lhapply/apply/wt/wrtanc/selectWrtancInfo.do?mi=1026&panId=2015122300018624&ccrCnntSysDsCd=03&uppAisTpCd=06&aisTpCd=10
LH_lease_1252,2430,행복주택,[정정공고]남양주시 행복주택 예비입주자모집(25.8.21공고),경기도,2025.08.25,2025.09.04,접수마감,51756,https://apply.lh.or.kr/lhapply/apply/wt/wrtanc/selectWrtancInfo.do?mi=1026&panId=2015122300018628&ccrCnntSysDsCd=03&uppAisTpCd=06&aisTpCd=10
LH_lease_1253,2432,행복주택(신혼희망),[정정공고]남양주별내A25BL(퍼스트포레)신혼희망타운 행복주택 예비입주자모집(25.08.21),경기도,2025.08.25,2025.09.04,접수마감,38015,https://apply.lh.or.kr/lhapply/apply/wt/wrtanc/selectWrtancInfo.do?mi=1026&panId=2015122300018627&ccrCnntSysDsCd=03&uppAisTpCd=39&aisTpCd=42
LH_lease_1256,2437,행복주택,[정정공고]서울금천 행복주택(산업단지형) 예비입주자 모집공고,서울특별시,2025.08.26,2025.09.03,접수마감,74862,https://apply.lh.or.kr/lhapply/apply/wt/wrtanc/selectWrtancInfo.do?mi=1026&panId=2015122300018636&ccrCnntSysDsCd=03&uppAisTpCd=06&aisTpCd=10
LH_lease_1257,2439,공공임대,문산당동1단지 50년 공공임대 예비입주자 모집공고,경기도,2025.08.27,2025.09.11,접수마감,6474,https://apply.lh.or.kr/lhapply/apply/wt/wrtanc/selectWrtancInfo.do?mi=1026&panId=2015122300018621&ccrCnntSysDsCd=03&uppAisTpCd=06&aisTpCd=08
LH_lease_1259,2442,공공임대,[정정공고]문산당동1단지 50년 공공임대 예비입주자 모집공고,경기도,2025.08.27,2025.09.11,접수마감,17927,https://apply.lh.or.kr/lhapply/apply/wt/wrtanc/selectWrtancInfo.do?mi=1026&panId=2015122300018641&ccrCnntSysDsCd=03&uppAisTpCd=06&aisTpCd=08
LH_lease_1262,2445,매입임대,[경기남부] 25년 3차 청년 매입임대주택 예비입주자 모집공고,경기도,2025.08.28,2025.09.10,접수마감,82138,https://apply.lh.or.kr/lhapply/apply/wt/wrtanc/selectWrtancInfo.do?mi=1026&panId=2015122300018645&ccrCnntSysDsCd=03&uppAisTpCd=13&aisTpCd=26
LH_lease_1263,2446,매입임대,[경기남부] 25년 3차 신혼·신생아 매입임대주택Ⅰ 예비입주자 모집공고,경기도,2025.08.28,2025.09.10,접수마감,52595,https://apply.lh.or.kr/lhapply/apply/wt/wrtanc/selectWrtancInfo.do?mi=1026&panId=2015122300018642&ccrCnntSysDsCd=03&uppAisTpCd=13&aisTpCd=26
LH_lease_1264,2447,매입임대,[경기남부] 25년 3차 신혼·신생아 매입임대주택Ⅱ(전세형) 예비입주자 모집공고,경기도,2025.08.28,2025.09.10,접수마감,46138,https://apply.lh.or.kr/lhapply/apply/wt/wrtanc/selectWrtancInfo.do?mi=1026&panId=2015122300018644&ccrCnntSysDsCd=03&uppAisTpCd=13&aisTpCd=26
LH_lease_1267,2461,공공임대,군포지역 10년 공공임대 예비입주자 모집 공고(2025.08.29),경기도,2025.08.29,2025.09.09,접수마감,58032,https://apply.lh.or.kr/lhapply/apply/wt/wrtanc/selectWrtancInfo.do?mi=1026&panId=0000060958&ccrCnntSysDsCd=02&uppAisTpCd=06&aisTpCd=08
LH_lease_1270,2466,국민임대,안성금화 국민임대주택 입주자격완화 예비입주자 모집공고(2025.8.29),경기도,2025.08.29,2025.09.17,접수마감,24239,https://apply.lh.or.kr/lhapply/apply/wt/wrtanc/selectWrtancInfo.do?mi=1026&panId=2015122300018626&ccrCnntSysDsCd=03&uppAisTpCd=06&aisTpCd=07
LH_lease_1279,2485,매입임대,[정정공고][경기남부] 25년 3차 청년 매입임대주택 예비입주자 모집공고,경기도,2025.09.04,2025.09.10,접수마감,100223,https://apply.lh.or.kr/lhapply/apply/wt/wrtanc/selectWrtancInfo.do?mi=1026&panId=2015122300018675&ccrCnntSysDsCd=03&uppAisTpCd=13&aisTpCd=26
LH_lease_1280,2486,매입임대,[정정공고][경기남부] 25년 3차 신혼·신생아 매입임대주택Ⅱ(전세형) 예비입주자 모집공고,경기도,2025.09.04,2025.09.10,접수마감,61318,https://apply.lh.or.kr/lhapply/apply/wt/wrtanc/selectWrtancInfo.do?mi=1026&panId=2015122300018678&ccrCnntSysDsCd=03&uppAisTpCd=13&aisTpCd=26
LH_lease_1283,2490,집주인임대,[경기 하남시] 집주인 임대주택 입주자 선착순 수시모집 공고,경기도,2025.09.04,2025.09.11,접수마감,12073,https://apply.lh.or.kr/lhapply/apply/wt/wrtanc/selectWrtancInfo.do?mi=1026&panId=2015122300018586&ccrCnntSysDsCd=03&uppAisTpCd=13&aisTpCd=37
LH_lease_1284,2491,집주인임대,[정정공고][경기 하남시] 집주인 임대주택 입주자 선착순 수시모집 공고,경기도,2025.09.04,2025.09.11,접수마감,16142,https://apply.lh.or.kr/lhapply/apply/wt/wrtanc/selectWrtancInfo.do?mi=1026&panId=2015122300018702&ccrCnntSysDsCd=03&uppAisTpCd=13&aisTpCd=37
LH_lease_1286,2498,공공임대,공임50년 가평읍내 예비입주자 모집공고문,경기도,2025.09.05,2025.09.17,접수마감,8781,https://apply.lh.or.kr/lhapply/apply/wt/wrtanc/selectWrtancInfo.do?mi=1026&panId=2015122300018625&ccrCnntSysDsCd=03&uppAisTpCd=06&aisTpCd=08
LH_lease_1289,2501,국민임대,문산당동3단지 국민임대주택 예비입주자 모집,경기도,2025.09.05,2025.09.25,접수마감,12675,https://apply.lh.or.kr/lhapply/apply/wt/wrtanc/selectWrtancInfo.do?mi=1026&panId=2015122300018695&ccrCnntSysDsCd=03&uppAisTpCd=06&aisTpCd=07
LH_lease_1290,2502,국민임대,김포지역 국민임대주택 예비입주자 모집 공고,경기도,2025.09.05,2025.09.26,접수마감,15728,https://apply.lh.or.kr/lhapply/apply/wt/wrtanc/selectWrtancInfo.do?mi=1026&panId=2015122300018683&ccrCnntSysDsCd=03&uppAisTpCd=06&aisTpCd=07
LH_lease_1291,2503,국민임대,[정정공고]김포지역 국민임대주택 예비입주자 모집 공고,경기도,2025.09.05,2025.09.26,접수마감,37505,https://apply.lh.or.kr/lhapply/apply/wt/wrtanc/selectWrtancInfo.do?mi=1026&panId=2015122300018700&ccrCnntSysDsCd=03&uppAisTpCd=06&aisTpCd=07
LH_lease_1292,2505,국민임대,김포시 국민임대주택 예비입주자 모집[선계약후검증],경기도,2025.09.05,2025.09.24,접수마감,61616,https://apply.lh.or.kr/lhapply/apply/wt/wrtanc/selectWrtancInfo.do?mi=1026&panId=2015122300018659&ccrCnntSysDsCd=03&uppAisTpCd=06&aisTpCd=07
LH_lease_1294,2507,국민임대,군포·안산·의왕지역 국민임대주택 예비입주자 모집(2025.09.05),경기도,2025.09.05,2025.09.22,접수마감,86204,https://apply.lh.or.kr/lhapply/apply/wt/wrtanc/selectWrtancInfo.do?mi=1026&panId=2015122300018679&ccrCnntSysDsCd=03&uppAisTpCd=06&aisTpCd=07
LH_lease_1295,2508,국민임대,화성태안8 국민임대주택 예비입주자모집(59형),경기도,2025.09.05,2025.09.24,접수마감,42822,https://apply.lh.or.kr/lhapply/apply/wt/wrtanc/selectWrtancInfo.do?mi=1026&panId=2015122300018680&ccrCnntSysDsCd=03&uppAisTpCd=06&aisTpCd=07
LH_lease_1297,2511,국민임대,광명시 국민임대주택 예비입주자 모집(2025.09.05),경기도,2025.09.05,2025.09.23,접수마감,87685,https://apply.lh.or.kr/lhapply/apply/wt/wrtanc/selectWrtancInfo.do?mi=1026&panId=2015122300018666&ccrCnntSysDsCd=03&uppAisTpCd=06&aisTpCd=07
LH_lease_1300,2515,국민임대,도봉주공1단지 국민임대주택 예비입주자 모집 공고,서울특별시,2025.09.05,2025.09.16,접수마감,62964,https://apply.lh.or.kr/lhapply/apply/wt/wrtanc/selectWrtancInfo.do?mi=1026&panId=2015122300018684&ccrCnntSysDsCd=03&uppAisTpCd=06&aisTpCd=07
LH_lease_1301,2516,국민임대,파주시 국민임대 예비입주자 모집공고('25.09.05.),경기도,2025.09.05,2025.10.01,접수마감,25960,https://apply.lh.or.kr/lhapply/apply/wt/wrtanc/selectWrtancInfo.do?mi=1026&panId=2015122300018671&ccrCnntSysDsCd=03&uppAisTpCd=06&aisTpCd=07
LH_lease_1304,2521,국민임대,[정정공고]파주시 국민임대 예비입주자 모집공고('25.09.05.),경기도,2025.09.08,2025.10.01,접수마감,67529,https://apply.lh.or.kr/lhapply/apply/wt/wrtanc/selectWrtancInfo.do?mi=1026&panId=2015122300018703&ccrCnntSysDsCd=03&uppAisTpCd=06&aisTpCd=07
LH_lease_1307,2525,행복주택(신혼희망),화성동탄2 A104블록 신혼희망타운 행복주택 입주자격완화 예비자모집 공고,경기도,2025.09.08,2025.09.18,접수마감,54418,https://apply.lh.or.kr/lhapply/apply/wt/wrtanc/selectWrtancInfo.do?mi=1026&panId=2015122300018669&ccrCnntSysDsCd=03&uppAisTpCd=39&aisTpCd=42
LH_lease_1328,2562,매입임대,[경기남부지역본부] 2025년 경기남부 기존주택 등 매입임대주택 입주자 모집공고,경기도,2025.09.11,2025.10.22,접수마감,79871,https://apply.lh.or.kr/lhapply/apply/wt/wrtanc/selectWrtancInfo.do?mi=1026&panId=2015122300018745&ccrCnntSysDsCd=03&uppAisTpCd=13&aisTpCd=26
LH_lease_1331,2565,매입임대,[경기북부] 25년 3차 청년매입임대 예비입주자 모집공고,경기도,2025.09.11,2025.09.24,접수마감,49047,https://apply.lh.or.kr/lhapply/apply/wt/wrtanc/selectWrtancInfo.do?mi=1026&panId=2015122300018750&ccrCnntSysDsCd=03&uppAisTpCd=13&aisTpCd=26
LH_lease_1332,2566,매입임대,[서울지역본부] 25년 3차 신혼·신생아 매입임대Ⅱ(전세형) 예비입주자 모집공고,서울특별시,2025.09.11,2025.09.24,접수마감,74618,https://apply.lh.or.kr/lhapply/apply/wt/wrtanc/selectWrtancInfo.do?mi=1026&panId=2015122300018731&ccrCnntSysDsCd=03&uppAisTpCd=13&aisTpCd=26
LH_lease_1334,2568,매입임대,[서울지역본부] 25년 3차 청년 매입임대주택 예비입주자 모집공고,서울특별시,2025.09.11,2025.09.24,접수마감,158166,https://apply.lh.or.kr/lhapply/apply/wt/wrtanc/selectWrtancInfo.do?mi=1026&panId=2015122300018736&ccrCnntSysDsCd=03&uppAisTpCd=13&aisTpCd=26
LH_lease_1335,2569,매입임대,[경기북부] 25년 3차 신혼·신생아 매입임대Ⅱ(전세형) 예비입주자 모집 공고,경기도,2025.09.11,2025.09.24,접수마감,31604,https://apply.lh.or.kr/lhapply/apply/wt/wrtanc/selectWrtancInfo.do?mi=1026&panId=2015122300018752&ccrCnntSysDsCd=03&uppAisTpCd=13&aisTpCd=26
LH_lease_1336,2570,매입임대,[경기북부] 25년 3차 신혼·신생아 매입임대Ⅰ예비입주자 모집 공고,경기도,2025.09.11,2025.09.24,접수마감,26948,https://apply.lh.or.kr/lhapply/apply/wt/wrtanc/selectWrtancInfo.do?mi=1026&panId=2015122300018751&ccrCnntSysDsCd=03&uppAisTpCd=13&aisTpCd=26
LH_lease_1338,2572,매입임대,[서울지역본부] 25년 3차 신혼·신생아 매입임대Ⅰ 예비입주자 모집공고,서울특별시,2025.09.11,2025.09.24,접수마감,82021,https://apply.lh.or.kr/lhapply/apply/wt/wrtanc/selectWrtancInfo.do?mi=1026&panId=2015122300018730&ccrCnntSysDsCd=03&uppAisTpCd=13&aisTpCd=26
LH_lease_1341,2575,매입임대,[정정공고][경기남부지역본부] 2025년 경기남부 기존주택 등 매입임대주택 입주자 모집공고(현장접수),경기도,2025.09.11,2025.10.22,접수마감,297866,https://apply.lh.or.kr/lhapply/apply/wt/wrtanc/selectWrtancInfo.do?mi=1026&panId=2015122300018766&ccrCnntSysDsCd=03&uppAisTpCd=13&aisTpCd=26
LH_lease_1355,2589,행복주택,"파주운정3 A34BL(초롱꽃3) 행복주택 입주자격완화 추가 및 예비입주자 모집(소득·자산요건 배제, 무주택요건 완화)",경기도,2025.09.11,2025.09.25,접수마감,49383,https://apply.lh.or.kr/lhapply/apply/wt/wrtanc/selectWrtancInfo.do?mi=1026&panId=2015122300018735&ccrCnntSysDsCd=03&uppAisTpCd=06&aisTpCd=10
LH_lease_1357,2591,행복주택,의왕고천A-1BL[리츠] 행복주택 예비입주자 모집,경기도,2025.09.12,2025.09.19,접수마감,16814,https://apply.lh.or.kr/lhapply/apply/wt/wrtanc/selectWrtancInfo.do?mi=1026&panId=2015122300018754&ccrCnntSysDsCd=03&uppAisTpCd=06&aisTpCd=10
LH_lease_1359,2593,매입임대,[경기북부] 25년 1차 분양전환형 든든전세주택 입주자 모집 공고(남양주시),경기도,2025.09.12,2025.09.24,접수마감,69312,https://apply.lh.or.kr/lhapply/apply/wt/wrtanc/selectWrtancInfo.do?mi=1026&panId=2015122300018778&ccrCnntSysDsCd=03&uppAisTpCd=13&aisTpCd=26
LH_lease_1360,2594,매입임대,"동두천시, 양주시, 연천군 기존주택 등 매입임대 상시(선계약후검증 선착순) 모집 공고",경기도,2025.09.12,2025.10.21,접수마감,32300,https://apply.lh.or.kr/lhapply/apply/wt/wrtanc/selectWrtancInfo.do?mi=1026&panId=2015122300018773&ccrCnntSysDsCd=03&uppAisTpCd=13&aisTpCd=26
LH_lease_1361,2595,공공임대,"하남미사 A29BL, 하남감일 A1BL 10년 공공임대주택 예비입주자 모집",경기도,2025.09.12,2025.09.24,접수마감,32045,https://apply.lh.or.kr/lhapply/apply/wt/wrtanc/selectWrtancInfo.do?mi=1026&panId=0000060954&ccrCnntSysDsCd=02&uppAisTpCd=06&aisTpCd=08
LH_lease_1362,2596,행복주택,[정정공고]의왕고천A-1BL[리츠] 행복주택 예비입주자 모집,경기도,2025.09.15,2025.09.19,접수마감,33515,https://apply.lh.or.kr/lhapply/apply/wt/wrtanc/selectWrtancInfo.do?mi=1026&panId=2015122300018791&ccrCnntSysDsCd=03&uppAisTpCd=06&aisTpCd=10
LH_lease_1363,2597,공공임대,"[정정공고]하남미사 A29BL, 하남감일 A1BL 10년 공공임대주택 예비입주자 모집",경기도,2025.09.15,2025.09.24,접수마감,11783,https://apply.lh.or.kr/lhapply/apply/wt/wrtanc/selectWrtancInfo.do?mi=1026&panId=0000060973&ccrCnntSysDsCd=02&uppAisTpCd=06&aisTpCd=08
LH_lease_1402,2637,공공임대,"[정정공고]하남미사 A29BL, 하남감일 A1BL 10년 공공임대주택 예비입주자 모집",경기도,2025.09.15,2025.09.24,접수마감,64888,https://apply.lh.or.kr/lhapply/apply/wt/wrtanc/selectWrtancInfo.do?mi=1026&panId=0000060974&ccrCnntSysDsCd=02&uppAisTpCd=06&aisTpCd=08
LH_lease_1418,2660,가정어린이집,파주운정3 A26BL 초롱꽃11단지 가정어린이집 운영예정자 모집공고,경기도,2025.09.16,2025.10.01,접수마감,6436,https://apply.lh.or.kr/lhapply/apply/wt/wrtanc/selectWrtancInfo.do?mi=1026&panId=2015122300018746&ccrCnntSysDsCd=03&uppAisTpCd=06&aisTpCd=40
LH_lease_1431,2688,매입임대,[정정공고][서울지역본부] 25년 3차 청년 매입임대주택 예비입주자 모집공고,서울특별시,2025.09.19,2025.09.24,접수마감,312446,https://apply.lh.or.kr/lhapply/apply/wt/wrtanc/selectWrtancInfo.do?mi=1026&panId=2015122300018827&ccrCnntSysDsCd=03&uppAisTpCd=13&aisTpCd=26
LH_lease_1435,2693,매입임대,[정정공고][경기북부] 25년 3차 청년매입임대 예비입주자 모집공고,경기도,2025.09.22,2025.09.24,접수마감,61992,https://apply.lh.or.kr/lhapply/apply/wt/wrtanc/selectWrtancInfo.do?mi=1026&panId=2015122300018836&ccrCnntSysDsCd=03&uppAisTpCd=13&aisTpCd=26
LH_lease_1440,2701,행복주택,[정정공고]여주역세권 행복주택 예비입주자 모집,경기도,2025.09.22,2025.07.24,접수마감,2483,https://apply.lh.or.kr/lhapply/apply/wt/wrtanc/selectWrtancInfo.do?mi=1026&panId=2015122300018837&ccrCnntSysDsCd=03&uppAisTpCd=06&aisTpCd=10
LH_lease_1448,2729,국민임대,양주회천 A25BL 국민임대주택 입주자 모집공고,경기도,2025.09.26,2025.10.31,접수마감,46652,https://apply.lh.or.kr/lhapply/apply/wt/wrtanc/selectWrtancInfo.do?mi=1026&panId=2015122300018841&ccrCnntSysDsCd=03&uppAisTpCd=06&aisTpCd=07
LH_lease_1453,2741,공공임대,평택시.안성시 지역 10년 공공임대주택 예비입주자 모집공고(2025.09.29),경기도,2025.09.29,2025.10.16,접수마감,17614,https://apply.lh.or.kr/lhapply/apply/wt/wrtanc/selectWrtancInfo.do?mi=1026&panId=0000060979&ccrCnntSysDsCd=02&uppAisTpCd=06&aisTpCd=08
LH_lease_1457,2748,공공임대,구리갈매 이스트힐 10년 공공임대주택 예비입주자 모집 공고,경기도,2025.09.30,2025.10.15,접수마감,18446,https://apply.lh.or.kr/lhapply/apply/wt/wrtanc/selectWrtancInfo.do?mi=1026&panId=0000060990&ccrCnntSysDsCd=02&uppAisTpCd=06&aisTpCd=08
LH_lease_1466,2758,공공임대,[정정공고]구리갈매 이스트힐 10년 공공임대주택 예비입주자 모집 공고,경기도,2025.10.01,2025.10.15,접수마감,54987,https://apply.lh.or.kr/lhapply/apply/wt/wrtanc/selectWrtancInfo.do?mi=1026&panId=0000060993&ccrCnntSysDsCd=02&uppAisTpCd=06&aisTpCd=08
LH_lease_1471,2769,공공임대,[정정공고]평택시.안성시 지역 10년 공공임대주택 예비입주자 모집공고(2025.09.29),경기도,2025.10.02,2025.10.16,접수마감,36888,https://apply.lh.or.kr/lhapply/apply/wt/wrtanc/selectWrtancInfo.do?mi=1026&panId=0000060995&ccrCnntSysDsCd=02&uppAisTpCd=06&aisTpCd=08
LH_lease_1477,2776,행복주택,파주시 행복주택 예비입주자 선계약후검증 자격완화 모집공고('25.10.10),경기도,2025.10.10,2025.10.22,접수마감,56258,https://apply.lh.or.kr/lhapply/apply/wt/wrtanc/selectWrtancInfo.do?mi=1026&panId=2015122300018884&ccrCnntSysDsCd=03&uppAisTpCd=06&aisTpCd=10
LH_lease_1478,2777,전세임대,2025년 신혼·신생아 전세임대 I 입주자 수시모집 공고,서울특별시 외,2025.10.13,2025.12.31,접수중,494779,https://apply.lh.or.kr/lhapply/apply/wt/wrtanc/selectWrtancInfo.do?mi=1026&panId=2015122300017958&ccrCnntSysDsCd=03&uppAisTpCd=13&aisTpCd=17
LH_lease_1479,2778,전세임대,2025년 청년 전세임대 1순위 입주자 수시모집,서울특별시 외,2025.10.13,2025.12.31,접수중,2365360,https://apply.lh.or.kr/lhapply/apply/wt/wrtanc/selectWrtancInfo.do?mi=1026&panId=2015122300017534&ccrCnntSysDsCd=03&uppAisTpCd=13&aisTpCd=17
LH_lease_1480,2779,전세임대,2025년 신혼·신생아 전세임대Ⅱ 입주자 수시모집 공고,서울특별시 외,2025.10.13,2025.12.31,접수중,519713,https://apply.lh.or.kr/lhapply/apply/wt/wrtanc/selectWrtancInfo.do?mi=1026&panId=2015122300017959&ccrCnntSysDsCd=03&uppAisTpCd=13&aisTpCd=17
LH_lease_1481,2780,전세임대,2025 다자녀 전세임대 입주자 수시모집 공고,서울특별시 외,2025.10.13,2025.12.31,접수중,304007,https://apply.lh.or.kr/lhapply/apply/wt/wrtanc/selectWrtancInfo.do?mi=1026&panId=2015122300017957&ccrCnntSysDsCd=03&uppAisTpCd=13&aisTpCd=17
LH_lease_1483,2782,행복주택,군포송정A-1BL 행복주택 입주자격완화 예비입주자 모집,경기도,2025.10.13,2025.10.21,접수마감,9492,https://apply.lh.or.kr/lhapply/apply/wt/wrtanc/selectWrtancInfo.do?mi=1026&panId=2015122300018889&ccrCnntSysDsCd=03&uppAisTpCd=06&aisTpCd=10
LH_lease_1485,2784,행복주택,"화성시 행복주택 입주자 모집(입주자격완화,선계약후검증)",경기도,2025.10.13,2025.10.24,접수마감,34145,https://apply.lh.or.kr/lhapply/apply/wt/wrtanc/selectWrtancInfo.do?mi=1026&panId=2015122300018880&ccrCnntSysDsCd=03&uppAisTpCd=06&aisTpCd=10
LH_lease_1486,2785,행복주택,[정정공고]군포송정A-1BL 행복주택 입주자격완화 예비입주자 모집,경기도,2025.10.14,2025.10.21,접수마감,23814,https://apply.lh.or.kr/lhapply/apply/wt/wrtanc/selectWrtancInfo.do?mi=1026&panId=2015122300018896&ccrCnntSysDsCd=03&uppAisTpCd=06&aisTpCd=10
LH_lease_1494,2797,행복주택,"[정정공고]화성시 행복주택 입주자 모집(입주자격완화,선계약후검증)",경기도,2025.10.15,2025.10.24,접수마감,65561,https://apply.lh.or.kr/lhapply/apply/wt/wrtanc/selectWrtancInfo.do?mi=1026&panId=2015122300018901&ccrCnntSysDsCd=03&uppAisTpCd=06&aisTpCd=10
LH_lease_1500,2805,국민임대,"화성시 지역 국민임대주택 입주자 모집 공고(입주자격완화, 선계약후검증)",경기도,2025.10.16,2025.10.29,접수마감,90937,https://apply.lh.or.kr/lhapply/apply/wt/wrtanc/selectWrtancInfo.do?mi=1026&panId=2015122300018888&ccrCnntSysDsCd=03&uppAisTpCd=06&aisTpCd=07
LH_lease_1502,2807,행복주택,평택시.안성시 지역 행복주택 입주자격완화[선계약후검증] 예비입주자 모집(2025.10.16),경기도,2025.10.16,2025.10.28,접수마감,44299,https://apply.lh.or.kr/lhapply/apply/wt/wrtanc/selectWrtancInfo.do?mi=1026&panId=2015122300018904&ccrCnntSysDsCd=03&uppAisTpCd=06&aisTpCd=10
LH_lease_1508,2822,매입임대,서울 청년 특화형 매입임대주택 [강북구 위너스빌] 예비입주자 모집공고문[25.10.17],서울특별시,2025.10.17,2025.11.07,접수마감,57611,https://apply.lh.or.kr/lhapply/apply/wt/wrtanc/selectWrtancInfo.do?mi=1026&panId=2015122300018912&ccrCnntSysDsCd=03&uppAisTpCd=13&aisTpCd=26
LH_lease_1510,2828,국민임대,[정정공고]양주회천 A25BL 국민임대주택 입주자 모집공고,경기도,2025.10.20,2025.10.31,접수마감,30761,https://apply.lh.or.kr/lhapply/apply/wt/wrtanc/selectWrtancInfo.do?mi=1026&panId=2015122300018921&ccrCnntSysDsCd=03&uppAisTpCd=06&aisTpCd=07
LH_lease_1512,2830,행복주택,[정정공고]군포송정A-1BL 행복주택 입주자격완화 예비입주자 모집,경기도,2025.10.22,2025.10.21,접수마감,2864,https://apply.lh.or.kr/lhapply/apply/wt/wrtanc/selectWrtancInfo.do?mi=1026&panId=2015122300018933&ccrCnntSysDsCd=03&uppAisTpCd=06&aisTpCd=10
LH_lease_1513,2831,매입임대,[경기북부] 경기도 김포시 신혼·신생아 매입임대Ⅱ(전세형) 선착순 수시모집 공고,경기도,2025.10.22,2025.11.07,접수마감,27324,https://apply.lh.or.kr/lhapply/apply/wt/wrtanc/selectWrtancInfo.do?mi=1026&panId=2015122300018924&ccrCnntSysDsCd=03&uppAisTpCd=13&aisTpCd=26
LH_lease_1518,2837,매입임대,[서울지역본부] 25년 2차 비분양전환형 든든전세 입주자 모집공고,서울특별시,2025.10.23,2025.11.05,접수마감,323162,https://apply.lh.or.kr/lhapply/apply/wt/wrtanc/selectWrtancInfo.do?mi=1026&panId=2015122300018914&ccrCnntSysDsCd=03&uppAisTpCd=13&aisTpCd=26
LH_lease_1523,2843,영구임대,2025년 10월 고양시 지역 영구임대주택 예비입주자 모집,경기도,2025.10.23,2025.11.14,접수마감,29586,https://apply.lh.or.kr/lhapply/apply/wt/wrtanc/selectWrtancInfo.do?mi=1026&panId=2015122300018925&ccrCnntSysDsCd=03&uppAisTpCd=06&aisTpCd=09
LH_lease_1530,2852,영구임대,의정부장암1단지 영구임대주택 예비입주자 모집 공고(공고일: 2025.10.24.),경기도,2025.10.24,2025.11.06,접수마감,14150,https://apply.lh.or.kr/lhapply/apply/wt/wrtanc/selectWrtancInfo.do?mi=1026&panId=2015122300018948&ccrCnntSysDsCd=03&uppAisTpCd=06&aisTpCd=09
LH_lease_1531,2853,영구임대,[정정공고]2025년 10월 고양시 지역 영구임대주택 예비입주자 모집,경기도,2025.10.27,2025.11.14,접수마감,28609,https://apply.lh.or.kr/lhapply/apply/wt/wrtanc/selectWrtancInfo.do?mi=1026&panId=2015122300018955&ccrCnntSysDsCd=03&uppAisTpCd=06&aisTpCd=09
LH_lease_1535,2858,매입임대,2025년 포천시 청포도 청년주택(청년 매입임대주택) 입주자 모집공고,경기도,2025.10.27,2025.11.12,접수마감,10788,https://apply.lh.or.kr/lhapply/apply/wt/wrtanc/selectWrtancInfo.do?mi=1026&panId=2015122300018957&ccrCnntSysDsCd=03&uppAisTpCd=13&aisTpCd=26
LH_lease_1538,2863,매입임대,[정정공고]서울 청년 특화형 매입임대주택 [강북구 위너스빌] 예비입주자 모집공고문[25.10.17],서울특별시,2025.10.28,2025.11.07,접수마감,121547,https://apply.lh.or.kr/lhapply/apply/wt/wrtanc/selectWrtancInfo.do?mi=1026&panId=2015122300018931&ccrCnntSysDsCd=03&uppAisTpCd=13&aisTpCd=26
LH_lease_1539,2864,공공임대,김포한강 Ac-05블록 10년 공공임대주택(리츠) 예비입주자 모집 공고,경기도,2025.10.28,2025.11.11,접수마감,61722,https://apply.lh.or.kr/lhapply/apply/wt/wrtanc/selectWrtancInfo.do?mi=1026&panId=0000061004&ccrCnntSysDsCd=02&uppAisTpCd=06&aisTpCd=08
LH_lease_1540,2866,통합공공임대,성남신촌 A1블록 통합공공임대주택 입주자 모집공고,경기도,2025.10.28,2025.11.12,접수마감,175409,https://apply.lh.or.kr/lhapply/apply/wt/wrtanc/selectWrtancInfo.do?mi=1026&panId=2015122300018943&ccrCnntSysDsCd=03&uppAisTpCd=06&aisTpCd=48
LH_lease_1541,2867,행복주택(신혼희망),고양시 지역 신혼희망타운(행복주택) 입주자 모집(선계약 후검증),경기도,2025.10.28,2025.11.13,접수마감,55111,https://apply.lh.or.kr/lhapply/apply/wt/wrtanc/selectWrtancInfo.do?mi=1026&panId=2015122300018964&ccrCnntSysDsCd=03&uppAisTpCd=39&aisTpCd=42
LH_lease_1542,2868,행복주택,"고양시 지역 행복주택 입주자 모집(고령자, 주거급여수급자)(선계약 후검증)",경기도,2025.10.28,2025.11.13,접수마감,19143,https://apply.lh.or.kr/lhapply/apply/wt/wrtanc/selectWrtancInfo.do?mi=1026&panId=2015122300018962&ccrCnntSysDsCd=03&uppAisTpCd=06&aisTpCd=10
LH_lease_1543,2869,행복주택,[정정공고]평택시.안성시 지역 행복주택 입주자격완화[선계약후검증] 예비입주자 모집(2025.10.16),경기도,2025.10.28,2025.10.28,접수마감,4573,https://apply.lh.or.kr/lhapply/apply/wt/wrtanc/selectWrtancInfo.do?mi=1026&panId=2015122300018967&ccrCnntSysDsCd=03&uppAisTpCd=06&aisTpCd=10
LH_lease_1545,2873,영구임대,[정정공고]의정부장암1단지 영구임대주택 예비입주자 모집 공고(공고일: 2025.10.24.),경기도,2025.10.29,2025.11.06,접수마감,15087,https://apply.lh.or.kr/lhapply/apply/wt/wrtanc/selectWrtancInfo.do?mi=1026&panId=2015122300018959&ccrCnntSysDsCd=03&uppAisTpCd=06&aisTpCd=09
LH_lease_1546,2874,행복주택,"[정정공고]고양시 지역 행복주택 입주자 모집(고령자, 주거급여수급자)(선계약 후검증)",경기도,2025.10.30,2025.11.13,접수마감,32387,https://apply.lh.or.kr/lhapply/apply/wt/wrtanc/selectWrtancInfo.do?mi=1026&panId=2015122300018974&ccrCnntSysDsCd=03&uppAisTpCd=06&aisTpCd=10
LH_lease_1548,2880,국민임대,파주시 중소기업체 기관공급(선유3),경기도,2025.10.30,2025.11.10,접수마감,4521,https://apply.lh.or.kr/lhapply/apply/wt/wrtanc/selectWrtancInfo.do?mi=1026&panId=2015122300018973&ccrCnntSysDsCd=03&uppAisTpCd=06&aisTpCd=07
LH_lease_1549,2881,행복주택,파주시 중소기업체 기관공급(행복주택),경기도,2025.10.30,2025.11.10,접수마감,9770,https://apply.lh.or.kr/lhapply/apply/wt/wrtanc/selectWrtancInfo.do?mi=1026&panId=2015122300018969&ccrCnntSysDsCd=03&uppAisTpCd=06&aisTpCd=10
LH_lease_1555,2889,공공임대,오산세교18단지 분양전환 10년 공공임대주택(리츠) 예비입주자 모집공고('25.10.30),경기도,2025.10.30,2025.11.17,접수마감,66567,https://apply.lh.or.kr/lhapply/apply/wt/wrtanc/selectWrtancInfo.do?mi=1026&panId=0000061000&ccrCnntSysDsCd=02&uppAisTpCd=06&aisTpCd=08
LH_lease_1560,2900,국민임대,파주시지역 국민임대주택 예비입주자 모집,경기도,2025.11.05,2025.11.20,접수중,22386,https://apply.lh.or.kr/lhapply/apply/wt/wrtanc/selectWrtancInfo.do?mi=1026&panId=2015122300018979&ccrCnntSysDsCd=03&uppAisTpCd=06&aisTpCd=07
LH_lease_1561,2902,국민임대,남양주가운2단지 국민임대주택 예비입주자 모집,경기도,2025.11.05,2025.11.20,정정공고중,19400,https://apply.lh.or.kr/lhapply/apply/wt/wrtanc/selectWrtancInfo.do?mi=1026&panId=2015122300018982&ccrCnntSysDsCd=03&uppAisTpCd=06&aisTpCd=07
LH_lease_1566,2909,국민임대,남양주시지역 국민임대주택 예비입주자모집(2025.11.05공고),경기도,2025.11.05,2025.11.19,접수마감,47085,https://apply.lh.or.kr/lhapply/apply/wt/wrtanc/selectWrtancInfo.do?mi=1026&panId=2015122300018991&ccrCnntSysDsCd=03&uppAisTpCd=06&aisTpCd=07
LH_lease_1567,2910,국민임대,파주시 국민임대 예비입주자 모집공고('25.11.05),경기도,2025.11.05,2025.11.25,공고중,32699,https://apply.lh.or.kr/lhapply/apply/wt/wrtanc/selectWrtancInfo.do?mi=1026&panId=2015122300018985&ccrCnntSysDsCd=03&uppAisTpCd=06&aisTpCd=07
LH_lease_1568,2911,국민임대,시흥시 국민임대주택 예비입주자 모집(2025.11.05),경기도,2025.11.05,2025.11.20,공고중,39149,https://apply.lh.or.kr/lhapply/apply/wt/wrtanc/selectWrtancInfo.do?mi=1026&panId=2015122300018996&ccrCnntSysDsCd=03&uppAisTpCd=06&aisTpCd=07
LH_lease_1569,2912,국민임대,이천부발 지역 국민임대주택 예비입주자 모집,경기도,2025.11.05,2025.11.20,접수중,12351,https://apply.lh.or.kr/lhapply/apply/wt/wrtanc/selectWrtancInfo.do?mi=1026&panId=2015122300018936&ccrCnntSysDsCd=03&uppAisTpCd=06&aisTpCd=07
LH_lease_1570,2913,국민임대,평택시.안성시 지역 국민임대 예비입주자 모집공고(2025.11.05),경기도,2025.11.05,2025.11.19,접수중,30727,https://apply.lh.or.kr/lhapply/apply/wt/wrtanc/selectWrtancInfo.do?mi=1026&panId=2015122300018989&ccrCnntSysDsCd=03&uppAisTpCd=06&aisTpCd=07
LH_lease_1579,2926,행복주택,평택시 지역 행복주택 입주자격완화[선계약후검증] 예비입주자 모집(2025.11.07),경기도,2025.11.07,2025.11.19,접수중,36074,https://apply.lh.or.kr/lhapply/apply/wt/wrtanc/selectWrtancInfo.do?mi=1026&panId=2015122300019007&ccrCnntSysDsCd=03&uppAisTpCd=06&aisTpCd=10
LH_lease_1582,2929,국민임대,[정정공고]남양주가운2단지 국민임대주택 예비입주자 모집,경기도,2025.11.08,2025.11.20,공고중,33139,https://apply.lh.or.kr/lhapply/apply/wt/wrtanc/selectWrtancInfo.do?mi=1026&panId=2015122300019011&ccrCnntSysDsCd=03&uppAisTpCd=06&aisTpCd=07
LH_lease_1593,2951,영구임대,2025년 서울특별시 영구임대주택 예비입주자 모집,서울특별시,2025.11.13,2025.11.28,공고중,52774,https://apply.lh.or.kr/lhapply/apply/wt/wrtanc/selectWrtancInfo.do?mi=1026&panId=2015122300019045&ccrCnntSysDsCd=03&uppAisTpCd=06&aisTpCd=09
LH_lease_1598,2959,국민임대,[정정공고]도봉주공1단지 국민임대주택 예비입주자 모집 공고,서울특별시,2025.11.14,2025.09.16,접수마감,6772,https://apply.lh.or.kr/lhapply/apply/wt/wrtanc/selectWrtancInfo.do?mi=1026&panId=2015122300018941&ccrCnntSysDsCd=03&uppAisTpCd=06&aisTpCd=07
LH_lease_1600,2961,행복주택,[신규모집] 부천여월 행복주택(브라운스톤 여월_LH참여형 가로주택정비사업) 입주자 모집,경기도,2025.11.14,2025.11.27,공고중,19156,https://apply.lh.or.kr/lhapply/apply/wt/wrtanc/selectWrtancInfo.do?mi=1026&panId=2015122300019062&ccrCnntSysDsCd=03&uppAisTpCd=06&aisTpCd=10
